-- phpMyAdmin SQL Dump
-- version 5.2.0
-- https://www.phpmyadmin.net/
--
-- Máy chủ: 127.0.0.1
-- Thời gian đã tạo: Th7 02, 2024 lúc 09:51 AM
-- Phiên bản máy phục vụ: 10.4.25-MariaDB
-- Phiên bản PHP: 7.4.30

SET SQL_MODE = "NO_AUTO_VALUE_ON_ZERO";
START TRANSACTION;
SET time_zone = "+00:00";


/*!40101 SET @OLD_CHARACTER_SET_CLIENT=@@CHARACTER_SET_CLIENT */;
/*!40101 SET @OLD_CHARACTER_SET_RESULTS=@@CHARACTER_SET_RESULTS */;
/*!40101 SET @OLD_COLLATION_CONNECTION=@@COLLATION_CONNECTION */;
/*!40101 SET NAMES utf8mb4 */;

--
-- Cơ sở dữ liệu: `meetingroom_v2`
--

-- --------------------------------------------------------

--
-- Cấu trúc bảng cho bảng `bookeds`
--

CREATE TABLE `bookeds` (
  `bookedID` int(11) NOT NULL,
  `roomID` int(11) NOT NULL,
  `userID` int(11) NOT NULL,
  `bookedTimeStart` time NOT NULL,
  `bookedTimeEnd` time NOT NULL,
  `bookedTimeCompleted` time DEFAULT NULL,
  `bookedDate` date NOT NULL,
  `bookedComment` varchar(1000) DEFAULT NULL,
  `bookedActive` tinyint(1) DEFAULT NULL,
  `bookedStatus` decimal(10,0) DEFAULT NULL,
  `created` timestamp NOT NULL DEFAULT current_timestamp(),
  `isActive` tinyint(1) DEFAULT NULL
) ENGINE=InnoDB DEFAULT CHARSET=utf8;

--
-- Đang đổ dữ liệu cho bảng `bookeds`
--

INSERT INTO `bookeds` (`bookedID`, `roomID`, `userID`, `bookedTimeStart`, `bookedTimeEnd`, `bookedTimeCompleted`, `bookedDate`, `bookedComment`, `bookedActive`, `bookedStatus`, `created`, `isActive`) VALUES
(280, 3, 1, '10:45:00', '11:45:00', '11:45:00', '2017-10-02', '', 1, '0', '2017-10-02 03:16:59', NULL),
(281, 3, 8, '14:30:00', '15:30:00', '15:30:00', '2017-10-02', '', 1, '0', '2017-10-02 06:08:35', NULL),
(282, 2, 6, '08:30:00', '09:30:00', '09:30:00', '2017-10-03', 'MTG', 1, '0', '2017-10-02 06:10:26', NULL),
(283, 3, 1, '16:15:00', '16:45:00', '16:45:00', '2017-10-02', '', 1, '0', '2017-10-02 08:41:31', NULL),
(284, 3, 1, '08:30:00', '09:15:00', '09:15:00', '2017-10-04', '', 1, '0', '2017-10-03 09:56:53', NULL),
(285, 1, 9, '15:00:00', '17:00:00', '17:00:00', '2017-10-04', '', 1, '0', '2017-10-04 03:55:06', NULL),
(286, 3, 8, '14:00:00', '14:30:00', '14:30:00', '2017-10-04', '', 1, '0', '2017-10-04 06:46:03', NULL),
(287, 3, 9, '10:00:00', '11:00:00', '11:00:00', '2017-10-05', '', 1, '0', '2017-10-05 02:18:14', NULL),
(288, 2, 13, '14:30:00', '16:30:00', '16:30:00', '2017-10-05', '', 1, '0', '2017-10-05 03:24:35', NULL),
(289, 3, 8, '13:30:00', '15:00:00', '15:00:00', '2017-10-09', 'Accountant MTG (Yanagida san, Phuc san, Men san)', 1, '0', '2017-10-05 06:48:46', NULL),
(290, 3, 9, '15:00:00', '16:00:00', '16:00:00', '2017-10-05', '', 1, '0', '2017-10-05 07:09:04', NULL),
(291, 3, 9, '15:00:00', '16:00:00', '16:00:00', '2017-10-05', '', 1, '0', '2017-10-05 07:09:07', NULL),
(292, 1, 9, '15:00:00', '16:00:00', '16:00:00', '2017-10-05', '', 1, '0', '2017-10-05 07:34:59', NULL),
(293, 3, 1, '11:00:00', '11:30:00', '11:30:00', '2017-10-06', '', 1, '0', '2017-10-06 03:33:26', NULL),
(294, 2, 6, '15:00:00', '16:00:00', '16:00:00', '2017-10-06', '', 1, '0', '2017-10-06 07:48:47', NULL),
(295, 3, 8, '17:00:00', '18:00:00', '18:00:00', '2017-10-06', '', 1, '0', '2017-10-06 09:15:05', NULL),
(296, 1, 8, '17:00:00', '18:00:00', '18:00:00', '2017-10-06', '', 1, '0', '2017-10-06 09:17:49', NULL),
(298, 2, 1, '07:30:00', '17:00:00', '17:00:00', '2017-10-16', '', 1, '0', '2017-10-10 09:51:13', NULL),
(300, 3, 9, '15:30:00', '17:00:00', '17:00:00', '2017-10-11', '', 1, '0', '2017-10-11 04:19:27', NULL),
(301, 3, 9, '14:00:00', '15:00:00', '15:00:00', '2017-10-11', '', 1, '0', '2017-10-11 06:21:14', NULL),
(302, 1, 9, '14:00:00', '15:00:00', '15:00:00', '2017-10-11', '', 1, '0', '2017-10-11 06:44:17', NULL),
(303, 2, 9, '10:30:00', '12:00:00', '12:00:00', '2017-10-13', '', 1, '0', '2017-10-12 08:18:28', NULL),
(304, 3, 9, '08:00:00', '09:00:00', '09:00:00', '2017-10-13', 'ジスター日永使用させていただきます。', 1, '0', '2017-10-12 08:35:46', NULL),
(305, 2, 8, '12:00:00', '14:00:00', '14:00:00', '2017-10-13', 'BHW MTG', 1, '0', '2017-10-12 08:40:59', NULL),
(306, 1, 9, '08:00:00', '10:30:00', '10:30:00', '2017-10-13', '', 1, '0', '2017-10-12 09:17:23', NULL),
(307, 3, 8, '12:00:00', '14:00:00', '14:00:00', '2017-10-13', 'BHW MTG', 1, '0', '2017-10-13 04:04:30', NULL),
(308, 3, 9, '08:30:00', '09:30:00', '09:30:00', '2017-10-16', 'ジスター日永使用させていただきます', 1, '0', '2017-10-16 00:50:12', NULL),
(309, 3, 9, '15:00:00', '16:00:00', '16:00:00', '2017-10-16', 'ジスター日永使用させていただきます。', 1, '0', '2017-10-16 01:08:02', NULL),
(316, 3, 6, '10:00:00', '12:00:00', '12:00:00', '2017-10-26', 'MTG', 1, '0', '2017-10-19 08:31:54', NULL),
(317, 3, 13, '09:15:00', '09:45:00', '09:45:00', '2017-10-20', '', 1, '0', '2017-10-20 02:07:04', NULL),
(319, 1, 8, '13:30:00', '14:30:00', '14:30:00', '2017-10-24', '', 1, '0', '2017-10-24 06:07:55', NULL),
(320, 2, 1, '14:00:00', '14:30:00', '14:30:00', '2017-10-24', '', 1, '0', '2017-10-24 06:25:31', NULL),
(321, 3, 9, '18:00:00', '19:30:00', '19:30:00', '2017-10-24', '', 1, '0', '2017-10-24 08:59:54', NULL),
(322, 2, 1, '08:00:00', '17:00:00', '17:00:00', '2017-10-30', '', 1, '0', '2017-10-25 06:05:24', NULL),
(323, 3, 9, '08:00:00', '09:00:00', '09:00:00', '2017-10-26', 'ジスター日永使用いたします。', 1, '0', '2017-10-26 00:58:41', NULL),
(324, 1, 9, '12:00:00', '14:00:00', '14:00:00', '2017-10-26', '', 1, '0', '2017-10-26 05:15:16', NULL),
(325, 3, 9, '14:00:00', '16:00:00', '16:00:00', '2017-10-27', '', 1, '0', '2017-10-26 07:01:05', NULL),
(326, 1, 9, '08:00:00', '10:00:00', '10:00:00', '2017-10-27', '', 1, '0', '2017-10-26 07:01:21', NULL),
(327, 1, 9, '14:30:00', '15:30:00', '15:30:00', '2017-10-26', '', 1, '0', '2017-10-26 07:33:24', NULL),
(328, 3, 1, '16:00:00', '16:30:00', '16:30:00', '2017-10-26', '', 1, '0', '2017-10-26 08:33:25', NULL),
(329, 2, 7, '16:00:00', '17:00:00', '17:00:00', '2017-10-27', '', 1, '0', '2017-10-27 01:26:24', NULL),
(331, 3, 1, '09:45:00', '10:15:00', '10:15:00', '2017-10-31', '', 1, '0', '2017-10-31 01:48:22', NULL),
(333, 3, 13, '09:00:00', '10:30:00', '10:30:00', '2017-11-01', '', 1, '0', '2017-11-01 01:06:21', NULL),
(335, 1, 8, '13:00:00', '15:00:00', '15:00:00', '2017-11-02', '', 1, '0', '2017-11-02 01:44:38', NULL),
(337, 2, 9, '09:00:00', '10:00:00', '10:00:00', '2017-11-08', '', 1, '0', '2017-11-07 07:06:47', NULL),
(339, 3, 8, '11:30:00', '12:30:00', '12:30:00', '2017-11-09', '', 1, '0', '2017-11-09 04:19:41', NULL),
(341, 2, 6, '10:00:00', '11:00:00', '11:00:00', '2017-11-13', 'MTG', 1, '0', '2017-11-13 01:03:20', NULL),
(342, 2, 6, '10:00:00', '11:00:00', '11:00:00', '2017-11-20', 'MTG', 1, '0', '2017-11-13 01:03:35', NULL),
(343, 2, 6, '10:00:00', '11:00:00', '11:00:00', '2017-11-27', 'MTG', 1, '0', '2017-11-13 01:03:45', NULL),
(344, 2, 6, '10:00:00', '11:00:00', '11:00:00', '2017-12-04', 'MTG', 1, '0', '2017-11-13 01:04:06', NULL),
(345, 3, 1, '14:00:00', '14:30:00', '14:30:00', '2017-11-13', '', 1, '0', '2017-11-13 01:07:07', NULL),
(346, 2, 6, '15:00:00', '16:00:00', '16:00:00', '2017-11-20', 'MTG', 1, '0', '2017-11-20 02:02:16', NULL),
(347, 3, 9, '14:30:00', '16:30:00', '16:30:00', '2017-11-23', '', 1, '0', '2017-11-21 10:42:08', NULL),
(348, 2, 9, '10:00:00', '12:00:00', '12:00:00', '2017-11-23', '', 1, '0', '2017-11-21 10:42:25', NULL),
(349, 3, 1, '09:30:00', '10:00:00', '10:00:00', '2017-11-23', '', 1, '0', '2017-11-23 01:06:31', NULL),
(350, 1, 9, '08:30:00', '10:30:00', '10:30:00', '2017-11-27', '', 1, '0', '2017-11-24 06:59:04', NULL),
(351, 3, 9, '09:30:00', '11:30:00', '11:30:00', '2017-11-29', '', 1, '0', '2017-11-24 06:59:18', NULL),
(352, 1, 9, '10:30:00', '15:30:00', '15:30:00', '2017-11-27', '', 1, '0', '2017-11-24 07:51:38', NULL),
(353, 2, 6, '15:00:00', '16:00:00', '16:00:00', '2017-11-27', 'MTG', 1, '0', '2017-11-27 00:40:51', NULL),
(354, 2, 6, '10:00:00', '11:45:00', '11:45:00', '2017-11-28', 'MTG', 1, '0', '2017-11-27 00:41:17', NULL),
(356, 3, 9, '14:00:00', '16:00:00', '16:00:00', '2017-11-28', '', 1, '0', '2017-11-27 00:59:34', NULL),
(358, 3, 8, '13:00:00', '16:30:00', '16:30:00', '2017-11-30', 'Birdie team MTG', 1, '0', '2017-11-27 01:27:50', NULL),
(359, 2, 8, '14:00:00', '16:00:00', '16:00:00', '2017-11-28', 'BHW MTG', 1, '0', '2017-11-27 01:28:28', NULL),
(361, 3, 1, '15:15:00', '15:45:00', '15:45:00', '2017-11-27', '', 1, '0', '2017-11-27 07:18:11', NULL),
(364, 1, 9, '14:00:00', '17:30:00', '17:30:00', '2017-11-29', '', 1, '0', '2017-11-28 08:08:33', NULL),
(365, 3, 9, '09:00:00', '10:30:00', '10:30:00', '2017-11-30', '', 1, '0', '2017-11-28 09:31:22', NULL),
(366, 1, 6, '10:00:00', '11:00:00', '11:00:00', '2017-11-29', 'MTG', 1, '0', '2017-11-29 02:11:12', NULL),
(367, 3, 9, '09:00:00', '12:00:00', '12:00:00', '2017-12-01', '', 1, '0', '2017-11-29 07:31:47', NULL),
(368, 3, 6, '10:30:00', '11:45:00', '11:45:00', '2017-11-30', 'MTG', 1, '0', '2017-11-30 02:20:27', NULL),
(369, 1, 13, '09:00:00', '11:00:00', '11:00:00', '2017-12-01', '', 1, '0', '2017-11-30 06:07:45', NULL),
(370, 1, 9, '15:00:00', '16:30:00', '16:30:00', '2017-11-30', '', 1, '0', '2017-11-30 07:54:57', NULL),
(372, 1, 9, '15:00:00', '17:00:00', '17:00:00', '2017-12-01', '', 1, '0', '2017-12-01 01:58:54', NULL),
(373, 3, 9, '15:00:00', '17:00:00', '17:00:00', '2017-12-04', '', 1, '0', '2017-12-01 10:22:31', NULL),
(375, 3, 9, '14:00:00', '15:00:00', '15:00:00', '2017-12-04', '', 1, '0', '2017-12-04 03:57:35', NULL),
(376, 3, 8, '13:30:00', '15:00:00', '15:00:00', '2017-12-05', '', 1, '0', '2017-12-04 08:21:48', NULL),
(377, 1, 13, '10:00:00', '11:00:00', '11:00:00', '2017-12-05', '', 1, '0', '2017-12-05 02:57:55', NULL),
(379, 3, 18, '10:45:00', '11:45:00', '11:45:00', '2017-12-06', '', 1, '0', '2017-12-06 03:11:50', NULL),
(380, 1, 18, '11:00:00', '12:00:00', '12:00:00', '2017-12-07', '', 1, '0', '2017-12-06 10:34:03', NULL),
(382, 3, 8, '15:00:00', '17:00:00', '17:00:00', '2017-12-08', '', 1, '0', '2017-12-08 04:16:01', NULL),
(383, 1, 9, '13:00:00', '15:00:00', '15:00:00', '2017-12-08', '', 1, '0', '2017-12-08 04:20:06', NULL),
(384, 1, 9, '08:30:00', '11:30:00', '11:30:00', '2017-12-11', '', 1, '0', '2017-12-08 04:20:59', NULL),
(385, 3, 18, '17:00:00', '18:00:00', '18:00:00', '2017-12-08', '', 1, '0', '2017-12-08 04:22:56', NULL),
(387, 3, 1, '14:00:00', '14:30:00', '14:30:00', '2017-12-08', '', 1, '0', '2017-12-08 06:47:50', NULL),
(388, 3, 9, '11:00:00', '12:00:00', '12:00:00', '2017-12-11', '', 1, '0', '2017-12-10 09:20:24', NULL),
(389, 3, 9, '16:00:00', '17:30:00', '17:30:00', '2017-12-11', '', 1, '0', '2017-12-10 12:34:05', NULL),
(391, 1, 8, '15:00:00', '17:00:00', '17:00:00', '2017-12-11', '', 1, '0', '2017-12-11 02:04:36', NULL),
(392, 1, 9, '15:00:00', '16:30:00', '16:30:00', '2017-12-12', '', 1, '0', '2017-12-11 06:53:57', NULL),
(393, 3, 9, '13:00:00', '15:00:00', '15:00:00', '2017-12-12', '', 1, '0', '2017-12-11 06:54:11', NULL),
(394, 3, 8, '08:30:00', '09:30:00', '09:30:00', '2017-12-12', '', 1, '0', '2017-12-12 01:02:40', NULL),
(395, 1, 9, '10:00:00', '11:30:00', '11:30:00', '2017-12-12', '', 1, '0', '2017-12-12 02:43:04', NULL),
(396, 1, 18, '14:00:00', '16:00:00', '16:00:00', '2017-12-15', '', 1, '0', '2017-12-12 06:11:19', NULL),
(397, 2, 1, '11:00:00', '11:45:00', '11:45:00', '2017-12-13', '', 1, '0', '2017-12-12 10:27:50', NULL),
(398, 3, 18, '14:00:00', '17:00:00', '17:00:00', '2017-12-13', '', 1, '0', '2017-12-13 03:37:00', NULL),
(400, 3, 18, '10:00:00', '11:30:00', '11:30:00', '2017-12-15', '', 1, '0', '2017-12-14 06:58:16', NULL),
(401, 2, 6, '15:00:00', '16:00:00', '16:00:00', '2017-12-18', 'MTG', 1, '0', '2017-12-18 02:07:23', NULL),
(404, 2, 6, '10:00:00', '11:00:00', '11:00:00', '2017-12-19', 'MTG', 1, '0', '2017-12-18 07:32:58', NULL),
(405, 3, 3, '15:45:00', '16:30:00', '16:30:00', '2017-12-22', '', 1, '0', '2017-12-22 08:17:10', NULL),
(407, 1, 6, '10:00:00', '11:00:00', '11:00:00', '2017-12-28', 'MTG', 1, '0', '2017-12-25 01:07:42', NULL),
(408, 2, 1, '13:00:00', '17:00:00', '17:00:00', '2017-12-28', '', 1, '0', '2017-12-25 07:56:02', NULL),
(409, 2, 1, '13:00:00', '17:00:00', '17:00:00', '2017-12-29', '', 1, '0', '2017-12-25 07:56:11', NULL),
(410, 2, 1, '08:30:00', '09:30:00', '09:30:00', '2017-12-26', '', 1, '0', '2017-12-26 01:06:51', NULL),
(412, 2, 1, '13:00:00', '17:00:00', '17:00:00', '2017-12-27', '', 1, '0', '2017-12-26 07:31:51', NULL),
(413, 1, 1, '14:00:00', '15:00:00', '15:00:00', '2017-12-27', '', 1, '0', '2017-12-27 03:45:42', NULL),
(414, 3, 13, '10:00:00', '11:00:00', '11:00:00', '2018-01-05', '', 1, '0', '2018-01-05 02:50:04', NULL),
(415, 3, 2, '13:00:00', '17:00:00', '17:00:00', '2018-01-10', 'Test', 1, '0', '2018-01-08 02:38:14', NULL),
(416, 3, 1, '08:30:00', '09:00:00', '09:00:00', '2018-01-09', '', 1, '0', '2018-01-09 01:20:58', NULL),
(417, 3, 1, '11:15:00', '11:45:00', '11:45:00', '2018-01-10', '', 1, '0', '2018-01-10 04:07:00', NULL),
(419, 3, 18, '08:30:00', '10:30:00', '10:30:00', '2018-01-15', '', 1, '0', '2018-01-15 00:45:26', NULL),
(420, 3, 18, '13:30:00', '14:30:00', '14:30:00', '2018-01-15', '', 1, '0', '2018-01-15 00:47:03', NULL),
(421, 3, 18, '11:00:00', '12:00:00', '12:00:00', '2018-01-15', '', 1, '0', '2018-01-15 00:47:51', NULL),
(423, 1, 6, '10:00:00', '11:00:00', '11:00:00', '2018-01-15', 'MTG', 1, '0', '2018-01-15 02:42:22', NULL),
(424, 3, 7, '08:00:00', '17:00:00', '17:00:00', '2018-01-16', '', 1, '0', '2018-01-15 04:19:03', NULL),
(425, 3, 7, '08:00:00', '11:30:00', '11:30:00', '2018-01-17', '', 1, '0', '2018-01-15 04:19:38', NULL),
(426, 1, 8, '08:30:00', '11:00:00', '11:00:00', '2018-01-17', 'Interview SFC team', 1, '0', '2018-01-15 07:30:03', NULL),
(427, 1, 18, '08:30:00', '10:00:00', '10:00:00', '2018-01-16', '', 1, '0', '2018-01-16 00:59:55', NULL),
(429, 2, 18, '09:00:00', '10:00:00', '10:00:00', '2018-01-17', '', 1, '0', '2018-01-17 00:35:26', NULL),
(430, 1, 18, '14:00:00', '15:00:00', '15:00:00', '2018-01-19', '', 1, '0', '2018-01-17 01:47:17', NULL),
(432, 2, 1, '15:30:00', '16:30:00', '16:30:00', '2018-01-17', '', 1, '0', '2018-01-17 03:26:32', NULL),
(436, 3, 18, '14:00:00', '15:00:00', '15:00:00', '2018-01-18', '', 1, '0', '2018-01-18 01:21:19', NULL),
(437, 1, 18, '08:30:00', '10:00:00', '10:00:00', '2018-01-22', '', 1, '0', '2018-01-18 01:39:22', NULL),
(438, 3, 3, '10:30:00', '11:00:00', '11:00:00', '2018-01-19', '', 1, '0', '2018-01-19 02:15:35', NULL),
(439, 1, 8, '13:30:00', '16:00:00', '16:00:00', '2018-01-29', 'Rakuten english staff interview', 1, '0', '2018-01-19 08:52:50', NULL),
(442, 1, 8, '07:30:00', '17:00:00', '17:00:00', '2018-01-25', '', 1, '0', '2018-01-19 08:54:04', NULL),
(443, 3, 18, '08:30:00', '10:00:00', '10:00:00', '2018-01-22', '', 1, '0', '2018-01-22 00:30:27', NULL),
(444, 2, 7, '15:30:00', '17:00:00', '17:00:00', '2018-01-24', '', 1, '0', '2018-01-22 00:56:43', NULL),
(447, 3, 18, '08:30:00', '10:00:00', '10:00:00', '2018-01-23', '', 1, '0', '2018-01-22 10:55:26', NULL),
(448, 3, 18, '11:00:00', '12:00:00', '12:00:00', '2018-02-06', '', 1, '0', '2018-01-24 00:49:42', NULL),
(449, 3, 18, '10:00:00', '11:00:00', '11:00:00', '2018-01-24', '', 1, '0', '2018-01-24 02:50:56', NULL),
(450, 1, 6, '11:00:00', '12:00:00', '12:00:00', '2018-01-24', 'MTG', 1, '0', '2018-01-24 03:52:43', NULL),
(451, 1, 8, '13:00:00', '17:00:00', '17:00:00', '2018-01-26', '', 1, '0', '2018-01-24 06:03:12', NULL),
(453, 1, 8, '14:00:00', '17:00:00', '17:00:00', '2018-01-24', '', 1, '0', '2018-01-24 06:58:30', NULL),
(454, 3, 8, '15:30:00', '17:00:00', '17:00:00', '2018-01-24', '', 1, '0', '2018-01-24 07:11:43', NULL),
(456, 2, 18, '15:30:00', '16:00:00', '16:00:00', '2018-01-25', '', 1, '0', '2018-01-25 02:27:48', NULL),
(457, 3, 18, '14:00:00', '15:00:00', '15:00:00', '2018-01-25', '', 1, '0', '2018-01-25 02:28:21', NULL),
(458, 3, 1, '13:15:00', '13:45:00', '13:45:00', '2018-01-25', '', 1, '0', '2018-01-25 03:47:18', NULL),
(459, 3, 18, '13:00:00', '14:00:00', '14:00:00', '2018-02-06', '', 1, '0', '2018-01-25 08:30:11', NULL),
(460, 3, 18, '10:00:00', '11:00:00', '11:00:00', '2018-01-26', 'Vanさん', 1, '0', '2018-01-26 01:54:17', NULL),
(461, 3, 18, '16:00:00', '17:00:00', '17:00:00', '2018-01-26', 'Thienさん', 1, '0', '2018-01-26 01:54:42', NULL),
(462, 3, 3, '15:00:00', '16:00:00', '16:00:00', '2018-01-26', '', 1, '0', '2018-01-26 07:37:34', NULL),
(463, 3, 5, '14:00:00', '15:00:00', '15:00:00', '2018-01-29', '', 1, '0', '2018-01-26 08:32:10', NULL),
(464, 1, 18, '08:30:00', '10:30:00', '10:30:00', '2018-01-29', '', 1, '0', '2018-01-29 00:35:32', NULL),
(465, 3, 6, '15:00:00', '16:45:00', '16:45:00', '2018-01-29', '', 1, '0', '2018-01-29 01:11:58', NULL),
(466, 3, 1, '13:30:00', '14:00:00', '14:00:00', '2018-01-29', '', 1, '0', '2018-01-29 01:30:44', NULL),
(467, 2, 6, '14:00:00', '15:00:00', '15:00:00', '2018-01-29', 'MTG', 1, '0', '2018-01-29 02:23:20', NULL),
(468, 1, 9, '10:00:00', '12:00:00', '12:00:00', '2018-01-30', '', 1, '0', '2018-01-29 04:30:04', NULL),
(469, 1, 18, '10:00:00', '11:30:00', '11:30:00', '2018-01-30', '', 1, '0', '2018-01-29 04:32:23', NULL),
(470, 3, 18, '08:30:00', '10:00:00', '10:00:00', '2018-01-30', '', 1, '0', '2018-01-29 15:39:45', NULL),
(471, 1, 18, '08:30:00', '10:00:00', '10:00:00', '2018-01-30', '', 1, '0', '2018-01-30 00:43:52', NULL),
(472, 3, 1, '13:30:00', '15:30:00', '15:30:00', '2018-01-30', '', 1, '0', '2018-01-30 00:59:22', NULL),
(473, 3, 2, '13:00:00', '17:00:00', '17:00:00', '2018-02-02', '', 1, '0', '2018-01-30 01:40:16', NULL),
(474, 3, 1, '13:30:00', '14:30:00', '14:30:00', '2018-01-31', '', 1, '0', '2018-01-31 04:05:44', NULL),
(475, 3, 18, '15:00:00', '16:00:00', '16:00:00', '2018-01-31', '', 1, '0', '2018-01-31 06:29:03', NULL),
(476, 3, 2, '09:30:00', '10:30:00', '10:30:00', '2018-02-01', '', 1, '0', '2018-01-31 09:20:30', NULL),
(477, 3, 18, '08:00:00', '09:00:00', '09:00:00', '2018-02-01', '', 1, '0', '2018-01-31 17:04:24', NULL),
(478, 1, 18, '10:00:00', '11:00:00', '11:00:00', '2018-02-01', '', 1, '0', '2018-01-31 17:04:39', NULL),
(479, 3, 8, '13:30:00', '15:00:00', '15:00:00', '2018-02-07', 'Gameteam interview_Tester', 1, '0', '2018-02-01 03:16:03', NULL),
(480, 2, 9, '14:00:00', '15:30:00', '15:30:00', '2018-02-01', '', 1, '0', '2018-02-01 06:55:51', NULL),
(482, 3, 7, '15:30:00', '17:00:00', '17:00:00', '2018-02-05', '', 1, '0', '2018-02-02 00:42:26', NULL),
(484, 3, 18, '11:30:00', '12:30:00', '12:30:00', '2018-02-02', '', 1, '0', '2018-02-02 01:43:30', NULL),
(485, 1, 8, '12:30:00', '17:00:00', '17:00:00', '2018-02-02', '', 1, '0', '2018-02-02 04:52:48', NULL),
(486, 3, 2, '10:00:00', '11:45:00', '11:45:00', '2018-02-05', '', 1, '0', '2018-02-05 01:35:02', NULL),
(488, 3, 18, '09:30:00', '10:30:00', '10:30:00', '2018-02-06', '柳田さん来客', 1, '0', '2018-02-06 01:01:32', NULL),
(491, 3, 2, '10:00:00', '11:45:00', '11:45:00', '2018-02-07', '', 1, '0', '2018-02-06 04:02:17', NULL),
(492, 3, 9, '17:30:00', '19:00:00', '19:00:00', '2018-02-06', '', 1, '0', '2018-02-06 04:14:43', NULL),
(493, 1, 18, '15:30:00', '16:30:00', '16:30:00', '2018-02-06', '', 1, '0', '2018-02-06 06:43:48', NULL),
(494, 3, 18, '16:30:00', '17:30:00', '17:30:00', '2018-02-06', '', 1, '0', '2018-02-06 06:44:12', NULL),
(495, 2, 9, '15:30:00', '16:30:00', '16:30:00', '2018-02-06', '', 1, '0', '2018-02-06 08:17:17', NULL),
(496, 3, 1, '08:00:00', '08:30:00', '08:30:00', '2018-02-07', '', 1, '0', '2018-02-06 10:44:46', NULL),
(497, 1, 18, '08:30:00', '10:30:00', '10:30:00', '2018-02-07', '', 1, '0', '2018-02-07 00:41:01', NULL),
(498, 1, 18, '10:30:00', '11:30:00', '11:30:00', '2018-02-07', '', 1, '0', '2018-02-07 00:42:14', NULL),
(500, 3, 8, '15:00:00', '17:30:00', '17:30:00', '2018-02-07', '', 1, '0', '2018-02-07 04:49:23', NULL),
(502, 3, 18, '14:00:00', '14:30:00', '14:30:00', '2018-02-08', '', 1, '0', '2018-02-08 04:02:35', NULL),
(505, 3, 8, '13:30:00', '14:00:00', '14:00:00', '2018-02-13', '', 1, '0', '2018-02-08 10:29:35', NULL),
(506, 1, 18, '13:30:00', '14:30:00', '14:30:00', '2018-02-09', '', 1, '0', '2018-02-09 02:58:24', NULL),
(507, 3, 9, '13:00:00', '14:00:00', '14:00:00', '2018-02-09', '', 1, '0', '2018-02-09 04:45:03', NULL),
(508, 2, 9, '14:00:00', '15:30:00', '15:30:00', '2018-02-09', '', 1, '0', '2018-02-09 05:55:29', NULL),
(509, 2, 9, '15:30:00', '16:00:00', '16:00:00', '2018-02-09', '', 1, '0', '2018-02-09 08:19:59', NULL),
(510, 1, 18, '08:30:00', '11:30:00', '11:30:00', '2018-02-13', '', 1, '0', '2018-02-09 09:51:56', NULL),
(511, 1, 18, '09:00:00', '10:00:00', '10:00:00', '2018-02-12', '', 1, '0', '2018-02-12 00:40:05', NULL),
(512, 2, 9, '12:00:00', '14:00:00', '14:00:00', '2018-02-12', '', 1, '0', '2018-02-12 02:17:30', NULL),
(513, 1, 9, '14:00:00', '16:00:00', '16:00:00', '2018-02-12', '', 1, '0', '2018-02-12 02:17:56', NULL),
(514, 3, 18, '14:00:00', '15:30:00', '15:30:00', '2018-02-13', '', 1, '0', '2018-02-13 01:05:32', NULL),
(515, 3, 1, '10:00:00', '10:30:00', '10:30:00', '2018-02-13', '', 1, '0', '2018-02-13 02:53:29', NULL),
(516, 3, 18, '13:00:00', '15:00:00', '15:00:00', '2018-02-22', '', 1, '0', '2018-02-19 10:14:12', NULL),
(517, 1, 18, '12:00:00', '18:00:00', '18:00:00', '2018-03-05', '', 1, '0', '2018-02-20 02:33:59', NULL),
(518, 1, 18, '17:00:00', '18:00:00', '18:00:00', '2018-02-23', '', 1, '0', '2018-02-20 02:35:17', NULL),
(519, 1, 18, '14:30:00', '15:30:00', '15:30:00', '2018-02-21', '', 1, '0', '2018-02-21 03:23:50', NULL),
(520, 1, 18, '09:30:00', '12:00:00', '12:00:00', '2018-03-01', '', 1, '0', '2018-02-21 03:41:52', NULL),
(521, 3, 18, '09:30:00', '12:00:00', '12:00:00', '2018-03-01', '', 1, '0', '2018-02-21 03:42:10', NULL),
(522, 1, 18, '14:30:00', '15:30:00', '15:30:00', '2018-02-22', '', 1, '0', '2018-02-21 06:13:19', NULL),
(523, 3, 18, '10:00:00', '11:00:00', '11:00:00', '2018-02-22', '', 1, '0', '2018-02-22 01:06:47', NULL),
(524, 2, 6, '10:00:00', '11:00:00', '11:00:00', '2018-02-23', 'MTG', 1, '0', '2018-02-22 02:00:22', NULL),
(526, 3, 1, '11:30:00', '11:45:00', '11:45:00', '2018-02-22', '', 1, '0', '2018-02-22 04:28:48', NULL),
(527, 1, 18, '15:30:00', '17:00:00', '17:00:00', '2018-02-23', '', 1, '0', '2018-02-23 00:36:27', NULL),
(528, 3, 1, '09:00:00', '09:30:00', '09:30:00', '2018-02-23', '', 1, '0', '2018-02-23 01:49:05', NULL),
(530, 3, 18, '09:00:00', '09:30:00', '09:30:00', '2018-02-26', '', 1, '0', '2018-02-26 01:11:27', NULL),
(531, 3, 18, '08:00:00', '10:00:00', '10:00:00', '2018-02-27', '', 1, '0', '2018-02-27 00:44:17', NULL),
(532, 3, 6, '15:00:00', '16:00:00', '16:00:00', '2018-02-27', 'MTG', 1, '0', '2018-02-27 06:05:21', NULL),
(533, 3, 18, '14:00:00', '15:00:00', '15:00:00', '2018-02-27', '', 1, '0', '2018-02-27 06:41:43', NULL),
(534, 3, 18, '10:00:00', '11:00:00', '11:00:00', '2018-03-06', '', 1, '0', '2018-02-27 09:07:02', NULL),
(535, 3, 18, '08:30:00', '09:00:00', '09:00:00', '2018-02-28', '', 1, '0', '2018-02-27 11:30:03', NULL),
(536, 1, 6, '08:30:00', '09:30:00', '09:30:00', '2018-02-28', 'MTG', 1, '0', '2018-02-28 00:23:58', NULL),
(537, 3, 1, '09:30:00', '10:00:00', '10:00:00', '2018-02-28', '', 1, '0', '2018-02-28 01:18:41', NULL),
(538, 3, 18, '09:00:00', '10:00:00', '10:00:00', '2018-03-23', '', 1, '0', '2018-02-28 03:01:32', NULL),
(539, 3, 1, '13:30:00', '14:00:00', '14:00:00', '2018-03-01', '', 1, '0', '2018-02-28 08:59:52', NULL),
(540, 3, 18, '09:00:00', '09:30:00', '09:30:00', '2018-03-02', '', 1, '0', '2018-03-01 10:13:38', NULL),
(541, 3, 18, '14:00:00', '15:00:00', '15:00:00', '2018-03-02', '', 1, '0', '2018-03-02 04:15:25', NULL),
(542, 1, 18, '08:30:00', '10:00:00', '10:00:00', '2018-03-05', '', 1, '0', '2018-03-05 00:30:28', NULL),
(544, 3, 1, '09:00:00', '09:30:00', '09:30:00', '2018-03-05', '', 1, '0', '2018-03-05 01:33:36', NULL),
(545, 3, 9, '14:00:00', '16:00:00', '16:00:00', '2018-03-06', '', 1, '0', '2018-03-05 01:59:01', NULL),
(547, 1, 18, '09:00:00', '10:00:00', '10:00:00', '2018-03-07', '', 1, '0', '2018-03-05 10:25:27', NULL),
(548, 3, 18, '11:00:00', '12:30:00', '12:30:00', '2018-03-07', '', 1, '0', '2018-03-05 10:26:11', NULL),
(549, 3, 18, '08:00:00', '10:00:00', '10:00:00', '2018-03-06', '', 1, '0', '2018-03-05 10:26:56', NULL),
(550, 3, 13, '09:00:00', '10:30:00', '10:30:00', '2018-03-07', '', 1, '0', '2018-03-06 07:32:19', NULL),
(551, 1, 9, '15:00:00', '17:00:00', '17:00:00', '2018-03-09', '', 1, '0', '2018-03-06 08:52:19', NULL),
(552, 3, 9, '15:00:00', '17:00:00', '17:00:00', '2018-03-09', '', 1, '0', '2018-03-06 08:52:28', NULL),
(553, 2, 8, '15:00:00', '17:00:00', '17:00:00', '2018-03-08', 'Neolab', 1, '0', '2018-03-07 10:35:52', NULL),
(554, 1, 18, '09:00:00', '10:00:00', '10:00:00', '2018-03-14', '', 1, '0', '2018-03-07 11:39:50', NULL),
(555, 3, 18, '13:00:00', '14:00:00', '14:00:00', '2018-03-08', '', 1, '0', '2018-03-08 00:47:21', NULL),
(556, 3, 18, '09:00:00', '09:30:00', '09:30:00', '2018-03-08', '', 1, '0', '2018-03-08 01:22:51', NULL),
(557, 1, 8, '14:00:00', '17:00:00', '17:00:00', '2018-03-08', 'Neolab', 1, '0', '2018-03-08 02:24:18', NULL),
(558, 1, 8, '14:00:00', '17:00:00', '17:00:00', '2018-03-08', 'Neolab', 1, '0', '2018-03-08 02:24:18', NULL),
(559, 3, 18, '11:00:00', '11:30:00', '11:30:00', '2018-03-09', '', 1, '0', '2018-03-09 03:50:49', NULL),
(561, 1, 18, '08:30:00', '10:00:00', '10:00:00', '2018-03-12', '', 1, '0', '2018-03-12 00:29:24', NULL),
(562, 3, 18, '15:15:00', '15:45:00', '15:45:00', '2018-03-12', '', 1, '0', '2018-03-12 08:11:59', NULL),
(563, 3, 5, '14:00:00', '15:00:00', '15:00:00', '2018-03-13', '', 1, '0', '2018-03-13 02:03:19', NULL),
(564, 3, 9, '16:30:00', '18:00:00', '18:00:00', '2018-03-13', '', 1, '0', '2018-03-13 02:57:28', NULL),
(565, 1, 9, '14:00:00', '15:30:00', '15:30:00', '2018-03-13', '', 1, '0', '2018-03-13 02:57:55', NULL),
(566, 3, 18, '10:30:00', '11:00:00', '11:00:00', '2018-03-13', '', 1, '0', '2018-03-13 03:02:53', NULL),
(567, 3, 18, '10:00:00', '10:30:00', '10:30:00', '2018-03-15', '', 1, '0', '2018-03-15 02:31:29', NULL),
(568, 1, 8, '10:45:00', '12:00:00', '12:00:00', '2018-03-15', '', 1, '0', '2018-03-15 02:57:18', NULL),
(569, 1, 8, '10:00:00', '11:00:00', '11:00:00', '2018-03-16', 'Neolab', 1, '0', '2018-03-16 02:09:59', NULL),
(571, 1, 6, '10:00:00', '11:00:00', '11:00:00', '2018-03-19', 'MTG', 1, '0', '2018-03-19 01:14:23', NULL),
(572, 2, 6, '10:00:00', '11:00:00', '11:00:00', '2018-03-26', 'MTG', 1, '0', '2018-03-19 01:14:45', NULL),
(573, 3, 8, '10:00:00', '12:00:00', '12:00:00', '2018-03-19', 'SFC', 1, '0', '2018-03-19 02:57:18', NULL),
(574, 3, 18, '15:00:00', '15:30:00', '15:30:00', '2018-03-19', '', 1, '0', '2018-03-19 06:19:27', NULL),
(575, 3, 18, '12:00:00', '14:00:00', '14:00:00', '2018-03-20', '', 1, '0', '2018-03-20 00:55:33', NULL),
(576, 3, 18, '10:00:00', '11:00:00', '11:00:00', '2018-03-23', '', 1, '0', '2018-03-20 03:00:14', NULL),
(577, 3, 8, '14:30:00', '15:00:00', '15:00:00', '2018-03-22', 'IFC team JP staff interview', 1, '0', '2018-03-21 08:35:13', NULL),
(578, 3, 18, '16:00:00', '17:00:00', '17:00:00', '2018-03-21', '', 1, '0', '2018-03-21 08:51:34', NULL),
(580, 1, 18, '16:00:00', '16:30:00', '16:30:00', '2018-03-22', '', 1, '0', '2018-03-22 00:33:13', NULL),
(582, 2, 8, '10:30:00', '12:00:00', '12:00:00', '2018-03-23', 'MTG', 1, '0', '2018-03-22 09:06:16', NULL),
(583, 1, 18, '10:30:00', '12:00:00', '12:00:00', '2018-03-23', '', 1, '0', '2018-03-23 01:02:52', NULL),
(584, 1, 18, '16:00:00', '17:00:00', '17:00:00', '2018-03-23', '', 1, '0', '2018-03-23 01:42:20', NULL),
(585, 3, 18, '11:00:00', '12:00:00', '12:00:00', '2018-03-23', '', 1, '0', '2018-03-23 01:42:47', NULL),
(586, 3, 18, '15:00:00', '18:00:00', '18:00:00', '2018-03-23', '', 1, '0', '2018-03-23 01:42:59', NULL),
(587, 3, 8, '14:15:00', '15:00:00', '15:00:00', '2018-03-26', 'ifc team interview', 1, '0', '2018-03-23 13:02:40', NULL),
(589, 3, 1, '11:00:00', '11:30:00', '11:30:00', '2018-03-26', '', 1, '0', '2018-03-26 03:40:36', NULL),
(590, 2, 8, '09:00:00', '11:00:00', '11:00:00', '2018-03-27', '', 1, '0', '2018-03-26 07:48:58', NULL),
(591, 1, 8, '09:00:00', '11:00:00', '11:00:00', '2018-03-27', 'Neolab', 1, '0', '2018-03-26 08:10:53', NULL),
(592, 3, 18, '09:00:00', '10:00:00', '10:00:00', '2018-03-27', '', 1, '0', '2018-03-27 01:59:48', NULL),
(593, 3, 18, '10:15:00', '11:00:00', '11:00:00', '2018-03-28', '', 1, '0', '2018-03-28 03:06:58', NULL),
(594, 3, 1, '09:00:00', '09:30:00', '09:30:00', '2018-04-02', '', 1, '0', '2018-03-30 03:37:32', NULL),
(595, 3, 1, '14:00:00', '14:30:00', '14:30:00', '2018-04-02', '', 1, '0', '2018-03-30 03:37:47', NULL),
(596, 3, 6, '10:00:00', '11:00:00', '11:00:00', '2018-04-02', 'MTG', 1, '0', '2018-04-02 01:19:54', NULL),
(598, 1, 9, '09:00:00', '18:00:00', '18:00:00', '2018-04-18', '', 1, '0', '2018-04-02 06:19:07', NULL),
(599, 3, 9, '09:00:00', '18:00:00', '18:00:00', '2018-04-18', '', 1, '0', '2018-04-02 06:19:21', NULL),
(600, 3, 9, '09:00:00', '18:00:00', '18:00:00', '2018-04-19', '', 1, '0', '2018-04-02 06:19:33', NULL),
(601, 1, 9, '09:00:00', '18:00:00', '18:00:00', '2018-04-19', '', 1, '0', '2018-04-02 06:19:43', NULL),
(603, 1, 6, '10:00:00', '11:00:00', '11:00:00', '2018-04-03', 'MTG', 1, '0', '2018-04-03 01:26:10', NULL),
(604, 2, 1, '08:00:00', '15:00:00', '15:00:00', '2018-04-05', '', 1, '0', '2018-04-03 02:42:28', NULL),
(605, 3, 1, '14:00:00', '14:30:00', '14:30:00', '2018-04-03', '', 1, '0', '2018-04-03 02:43:40', NULL),
(606, 3, 1, '16:00:00', '16:30:00', '16:30:00', '2018-04-03', '', 1, '0', '2018-04-03 07:34:26', NULL),
(607, 1, 8, '13:30:00', '15:00:00', '15:00:00', '2018-04-04', 'Yazawa san', 1, '0', '2018-04-04 06:18:48', NULL),
(608, 1, 8, '08:00:00', '17:00:00', '17:00:00', '2018-04-05', 'Yazawa san', 1, '0', '2018-04-04 06:18:57', NULL),
(609, 3, 1, '14:00:00', '14:30:00', '14:30:00', '2018-04-05', '', 1, '0', '2018-04-05 05:49:10', NULL),
(610, 3, 1, '10:30:00', '11:00:00', '11:00:00', '2018-04-06', '', 1, '0', '2018-04-06 03:12:27', NULL),
(612, 3, 18, '16:00:00', '19:00:00', '19:00:00', '2018-04-10', '', 1, '0', '2018-04-09 01:36:45', NULL),
(613, 1, 18, '16:00:00', '19:00:00', '19:00:00', '2018-04-10', '', 1, '0', '2018-04-09 01:36:57', NULL),
(614, 1, 18, '15:00:00', '16:00:00', '16:00:00', '2018-04-09', '', 1, '0', '2018-04-09 07:17:12', NULL),
(615, 1, 18, '15:00:00', '16:30:00', '16:30:00', '2018-04-11', '', 1, '0', '2018-04-09 09:26:10', NULL),
(616, 3, 1, '13:30:00', '14:00:00', '14:00:00', '2018-04-10', '', 1, '0', '2018-04-10 01:28:18', NULL),
(617, 3, 18, '14:00:00', '14:30:00', '14:30:00', '2018-04-10', '', 1, '0', '2018-04-10 04:09:47', NULL),
(618, 1, 9, '14:00:00', '15:00:00', '15:00:00', '2018-04-11', '', 1, '0', '2018-04-11 02:06:47', NULL),
(619, 3, 9, '10:30:00', '13:30:00', '13:30:00', '2018-04-11', '', 1, '0', '2018-04-11 02:07:04', NULL),
(620, 1, 9, '12:30:00', '14:00:00', '14:00:00', '2018-04-11', '', 1, '0', '2018-04-11 04:48:46', NULL),
(621, 3, 18, '15:30:00', '17:00:00', '17:00:00', '2018-04-11', '', 1, '0', '2018-04-11 06:05:27', NULL),
(622, 1, 18, '13:30:00', '14:30:00', '14:30:00', '2018-04-12', '', 1, '0', '2018-04-11 08:18:52', NULL),
(623, 3, 13, '09:00:00', '10:00:00', '10:00:00', '2018-04-12', '', 1, '0', '2018-04-12 01:55:37', NULL),
(624, 3, 18, '15:00:00', '16:00:00', '16:00:00', '2018-04-12', '', 1, '0', '2018-04-12 02:04:29', NULL),
(625, 1, 18, '14:00:00', '15:00:00', '15:00:00', '2018-04-13', '', 1, '0', '2018-04-12 03:13:44', NULL),
(627, 2, 9, '13:00:00', '17:00:00', '17:00:00', '2018-04-18', '', 1, '0', '2018-04-12 09:04:13', NULL),
(628, 3, 1, '11:30:00', '11:45:00', '11:45:00', '2018-04-13', '', 1, '0', '2018-04-13 04:20:19', NULL),
(629, 2, 6, '10:00:00', '11:00:00', '11:00:00', '2018-04-16', 'MTG', 1, '0', '2018-04-16 01:20:50', NULL),
(630, 3, 1, '10:00:00', '10:30:00', '10:30:00', '2018-04-17', '', 1, '0', '2018-04-16 07:56:41', NULL),
(632, 3, 18, '09:00:00', '11:00:00', '11:00:00', '2018-04-20', '', 1, '0', '2018-04-19 00:55:48', NULL),
(633, 2, 6, '10:00:00', '11:00:00', '11:00:00', '2018-04-19', 'MTG', 1, '0', '2018-04-19 01:15:36', NULL),
(634, 1, 9, '14:00:00', '16:00:00', '16:00:00', '2018-04-20', '', 1, '0', '2018-04-20 01:57:54', NULL),
(635, 3, 9, '14:00:00', '16:00:00', '16:00:00', '2018-04-20', '', 1, '0', '2018-04-20 01:58:08', NULL),
(636, 3, 8, '13:30:00', '14:30:00', '14:30:00', '2018-04-26', 'Interview coder', 1, '0', '2018-04-20 02:32:23', NULL),
(638, 1, 18, '10:30:00', '11:30:00', '11:30:00', '2018-04-23', '', 1, '0', '2018-04-23 00:33:41', NULL),
(639, 3, 9, '12:00:00', '15:00:00', '15:00:00', '2018-04-24', '', 1, '0', '2018-04-23 00:35:58', NULL),
(640, 1, 9, '12:00:00', '15:00:00', '15:00:00', '2018-04-24', '', 1, '0', '2018-04-23 00:36:07', NULL),
(641, 3, 9, '09:00:00', '10:00:00', '10:00:00', '2018-04-24', '', 1, '0', '2018-04-23 00:36:20', NULL),
(642, 1, 18, '08:30:00', '10:30:00', '10:30:00', '2018-04-23', '', 1, '0', '2018-04-23 01:00:04', NULL),
(643, 1, 18, '15:00:00', '16:00:00', '16:00:00', '2018-04-24', '', 1, '0', '2018-04-23 01:38:59', NULL),
(644, 3, 1, '10:00:00', '10:30:00', '10:30:00', '2018-04-23', '', 1, '0', '2018-04-23 01:39:14', NULL),
(645, 1, 9, '09:00:00', '10:00:00', '10:00:00', '2018-04-24', '', 1, '0', '2018-04-23 09:09:50', NULL),
(646, 3, 18, '10:00:00', '11:00:00', '11:00:00', '2018-04-24', '', 1, '0', '2018-04-23 09:17:18', NULL),
(647, 2, 8, '11:00:00', '12:00:00', '12:00:00', '2018-04-24', '', 1, '0', '2018-04-24 01:05:58', NULL),
(648, 3, 18, '11:00:00', '12:00:00', '12:00:00', '2018-04-24', '', 1, '0', '2018-04-24 01:06:09', NULL),
(649, 1, 18, '09:30:00', '11:30:00', '11:30:00', '2018-04-26', '', 1, '0', '2018-04-26 00:59:10', NULL),
(650, 2, 6, '10:00:00', '11:00:00', '11:00:00', '2018-04-26', 'MTG', 1, '0', '2018-04-26 01:34:27', NULL),
(651, 1, 18, '09:00:00', '11:00:00', '11:00:00', '2018-04-27', '', 1, '0', '2018-04-26 03:56:31', NULL),
(652, 2, 7, '16:00:00', '17:30:00', '17:30:00', '2018-04-26', '', 1, '0', '2018-04-26 06:07:00', NULL),
(653, 3, 13, '09:00:00', '09:30:00', '09:30:00', '2018-04-27', '', 1, '0', '2018-04-27 01:27:39', NULL),
(654, 3, 18, '13:00:00', '14:00:00', '14:00:00', '2018-04-27', '', 1, '0', '2018-04-27 05:57:57', NULL),
(655, 3, 8, '15:30:00', '16:00:00', '16:00:00', '2018-04-27', '', 1, '0', '2018-04-27 08:15:38', NULL),
(656, 3, 18, '08:00:00', '10:00:00', '10:00:00', '2018-05-03', '', 1, '0', '2018-05-02 03:42:10', NULL),
(657, 3, 8, '13:30:00', '14:30:00', '14:30:00', '2018-05-04', '', 1, '0', '2018-05-02 03:42:31', NULL),
(658, 3, 18, '10:00:00', '10:30:00', '10:30:00', '2018-05-03', '', 1, '0', '2018-05-02 06:06:40', NULL),
(659, 3, 18, '08:30:00', '09:30:00', '09:30:00', '2018-05-04', '', 1, '0', '2018-05-03 07:53:04', NULL),
(660, 3, 18, '10:00:00', '11:00:00', '11:00:00', '2018-05-10', '', 1, '0', '2018-05-03 10:17:02', NULL),
(661, 2, 6, '10:00:00', '11:00:00', '11:00:00', '2018-05-07', 'MTG', 1, '0', '2018-05-07 02:07:16', NULL),
(662, 2, 6, '10:00:00', '11:00:00', '11:00:00', '2018-05-14', 'MTG', 1, '0', '2018-05-07 02:07:26', NULL),
(663, 2, 6, '10:00:00', '11:00:00', '11:00:00', '2018-05-21', 'MTG', 1, '0', '2018-05-07 02:07:38', NULL),
(664, 2, 6, '10:00:00', '11:00:00', '11:00:00', '2018-05-28', 'MTG', 1, '0', '2018-05-07 02:07:49', NULL),
(666, 1, 18, '14:30:00', '16:30:00', '16:30:00', '2018-05-08', '', 1, '0', '2018-05-08 01:47:56', NULL),
(668, 1, 18, '09:00:00', '11:00:00', '11:00:00', '2018-05-09', '', 1, '0', '2018-05-08 06:25:00', NULL),
(669, 1, 18, '15:30:00', '17:30:00', '17:30:00', '2018-05-09', '', 1, '0', '2018-05-09 07:12:30', NULL),
(670, 3, 18, '13:30:00', '14:30:00', '14:30:00', '2018-05-10', '', 1, '0', '2018-05-10 00:38:07', NULL),
(671, 3, 18, '08:00:00', '09:00:00', '09:00:00', '2018-05-11', '', 1, '0', '2018-05-11 00:29:56', NULL),
(672, 1, 18, '09:00:00', '11:00:00', '11:00:00', '2018-05-11', '', 1, '0', '2018-05-11 00:30:16', NULL),
(673, 1, 9, '10:00:00', '13:00:00', '13:00:00', '2018-05-14', '', 1, '0', '2018-05-11 05:58:31', NULL),
(674, 2, 9, '11:00:00', '13:00:00', '13:00:00', '2018-05-14', '', 1, '0', '2018-05-11 05:59:11', NULL),
(676, 2, 6, '10:00:00', '11:00:00', '11:00:00', '2018-05-15', 'MTG', 1, '0', '2018-05-14 03:08:25', NULL),
(677, 3, 18, '09:30:00', '11:30:00', '11:30:00', '2018-05-15', '', 1, '0', '2018-05-14 03:36:32', NULL),
(678, 1, 18, '15:00:00', '16:00:00', '16:00:00', '2018-05-15', '', 1, '0', '2018-05-14 03:37:11', NULL),
(679, 3, 8, '14:00:00', '18:00:00', '18:00:00', '2018-05-15', 'Gistar team MTG', 1, '0', '2018-05-14 10:20:26', NULL),
(680, 1, 18, '13:00:00', '19:00:00', '19:00:00', '2018-05-17', '', 1, '0', '2018-05-15 06:10:00', NULL),
(681, 1, 18, '10:00:00', '11:00:00', '11:00:00', '2018-05-17', '', 1, '0', '2018-05-17 02:47:50', NULL),
(682, 2, 6, '14:00:00', '16:45:00', '16:45:00', '2018-05-28', 'MTG', 1, '0', '2018-05-17 05:58:29', NULL),
(683, 2, 6, '09:30:00', '11:45:00', '11:45:00', '2018-05-29', 'MTG', 1, '0', '2018-05-17 05:59:03', NULL),
(684, 2, 6, '14:00:00', '16:45:00', '16:45:00', '2018-05-30', 'MTG', 1, '0', '2018-05-17 06:03:30', NULL),
(685, 2, 6, '14:00:00', '16:45:00', '16:45:00', '2018-05-31', 'MTG', 1, '0', '2018-05-17 06:03:44', NULL),
(688, 3, 3, '08:15:00', '09:00:00', '09:00:00', '2018-05-21', '', 1, '0', '2018-05-21 01:08:25', NULL),
(689, 2, 6, '15:00:00', '16:00:00', '16:00:00', '2018-05-21', 'MTG', 1, '0', '2018-05-21 02:20:50', NULL),
(690, 3, 8, '11:15:00', '12:00:00', '12:00:00', '2018-05-21', 'Hotespa mtg', 1, '0', '2018-05-21 04:03:26', NULL),
(691, 3, 18, '09:00:00', '11:00:00', '11:00:00', '2018-05-22', '', 1, '0', '2018-05-22 01:38:58', NULL),
(692, 3, 9, '16:30:00', '18:00:00', '18:00:00', '2018-05-24', '', 1, '0', '2018-05-22 08:52:19', NULL),
(693, 1, 9, '15:30:00', '17:00:00', '17:00:00', '2018-05-23', '', 1, '0', '2018-05-22 08:52:37', NULL),
(694, 3, 9, '15:30:00', '17:30:00', '17:30:00', '2018-05-23', '', 1, '0', '2018-05-22 08:52:50', NULL),
(695, 3, 9, '09:00:00', '10:00:00', '10:00:00', '2018-05-23', '', 1, '0', '2018-05-22 10:41:11', NULL),
(696, 3, 8, '13:30:00', '14:00:00', '14:00:00', '2018-05-23', '', 1, '0', '2018-05-23 06:13:48', NULL),
(697, 1, 18, '14:00:00', '15:00:00', '15:00:00', '2018-05-23', '', 1, '0', '2018-05-23 06:36:25', NULL),
(698, 1, 18, '08:30:00', '09:30:00', '09:30:00', '2018-05-24', '', 1, '0', '2018-05-24 00:53:22', NULL),
(699, 3, 8, '11:00:00', '12:00:00', '12:00:00', '2018-05-24', 'DS mtg', 1, '0', '2018-05-24 01:59:39', NULL),
(700, 3, 9, '14:30:00', '15:30:00', '15:30:00', '2018-05-24', '', 1, '0', '2018-05-24 07:09:10', NULL),
(701, 3, 8, '15:30:00', '16:00:00', '16:00:00', '2018-05-24', 'DS Phu san MTG', 1, '0', '2018-05-24 08:25:18', NULL),
(702, 2, 7, '16:00:00', '17:30:00', '17:30:00', '2018-05-24', '', 1, '0', '2018-05-24 08:27:46', NULL),
(703, 2, 8, '16:15:00', '17:00:00', '17:00:00', '2018-05-24', 'DS AIC MTG', 1, '0', '2018-05-24 09:04:11', NULL),
(704, 3, 9, '13:30:00', '14:30:00', '14:30:00', '2018-05-25', '', 1, '0', '2018-05-25 06:07:36', NULL),
(705, 3, 9, '13:30:00', '16:30:00', '16:30:00', '2018-05-28', '', 1, '0', '2018-05-25 07:37:41', NULL),
(706, 1, 9, '13:30:00', '15:30:00', '15:30:00', '2018-05-28', '', 1, '0', '2018-05-25 07:37:57', NULL),
(707, 3, 18, '10:00:00', '11:00:00', '11:00:00', '2018-05-29', '', 1, '0', '2018-05-28 02:28:16', NULL),
(708, 3, 18, '10:30:00', '11:00:00', '11:00:00', '2018-05-28', '', 1, '0', '2018-05-28 03:17:19', NULL),
(709, 3, 8, '09:00:00', '10:00:00', '10:00:00', '2018-05-29', 'MTG with Mr Vinh', 1, '0', '2018-05-28 07:52:30', NULL),
(710, 3, 6, '09:00:00', '11:45:00', '11:45:00', '2018-05-30', 'MTG', 1, '0', '2018-05-29 01:35:07', NULL),
(711, 3, 6, '09:00:00', '11:45:00', '11:45:00', '2018-05-31', 'MTG', 1, '0', '2018-05-29 01:35:45', NULL),
(712, 3, 18, '14:30:00', '16:00:00', '16:00:00', '2018-05-29', '', 1, '0', '2018-05-29 06:11:21', NULL),
(713, 1, 18, '15:00:00', '16:00:00', '16:00:00', '2018-05-30', '', 1, '0', '2018-05-30 01:00:32', NULL),
(714, 3, 18, '11:00:00', '12:00:00', '12:00:00', '2018-06-01', '', 1, '0', '2018-05-30 02:59:00', NULL),
(715, 3, 18, '13:30:00', '15:00:00', '15:00:00', '2018-05-30', '', 1, '0', '2018-05-30 03:04:02', NULL),
(717, 3, 9, '14:00:00', '15:30:00', '15:30:00', '2018-05-31', '', 1, '0', '2018-05-31 02:54:52', NULL),
(718, 1, 8, '10:00:00', '15:00:00', '15:00:00', '2018-06-08', 'BL movie', 1, '0', '2018-05-31 04:46:51', NULL),
(719, 3, 18, '14:00:00', '14:30:00', '14:30:00', '2018-06-04', '', 1, '0', '2018-05-31 06:14:50', NULL),
(720, 3, 8, '15:30:00', '16:30:00', '16:30:00', '2018-05-31', 'MTG', 1, '0', '2018-05-31 07:57:54', NULL),
(721, 3, 18, '10:00:00', '11:00:00', '11:00:00', '2018-06-05', '', 1, '0', '2018-05-31 08:53:41', NULL),
(722, 3, 9, '09:00:00', '10:30:00', '10:30:00', '2018-06-01', '', 1, '0', '2018-06-01 01:58:31', NULL),
(723, 3, 9, '12:00:00', '13:00:00', '13:00:00', '2018-06-01', '', 1, '0', '2018-06-01 04:47:54', NULL),
(724, 3, 8, '14:30:00', '15:30:00', '15:30:00', '2018-06-01', '', 1, '0', '2018-06-01 06:20:22', NULL),
(725, 1, 9, '15:30:00', '17:00:00', '17:00:00', '2018-06-01', '', 1, '0', '2018-06-01 06:55:20', NULL),
(726, 3, 18, '08:30:00', '11:30:00', '11:30:00', '2018-06-04', '', 1, '0', '2018-06-04 00:31:23', NULL),
(728, 2, 6, '10:00:00', '11:00:00', '11:00:00', '2018-06-11', 'MTG', 1, '0', '2018-06-04 02:48:57', NULL),
(729, 2, 6, '10:00:00', '11:00:00', '11:00:00', '2018-06-18', 'MTG', 1, '0', '2018-06-04 02:49:06', NULL),
(730, 2, 6, '10:00:00', '11:00:00', '11:00:00', '2018-06-25', 'MTG', 1, '0', '2018-06-04 02:49:16', NULL),
(731, 2, 6, '15:00:00', '16:00:00', '16:00:00', '2018-06-05', 'MTG', 1, '0', '2018-06-04 02:52:07', NULL),
(732, 1, 9, '11:00:00', '12:00:00', '12:00:00', '2018-06-04', '', 1, '0', '2018-06-04 03:24:59', NULL),
(733, 1, 9, '13:30:00', '15:00:00', '15:00:00', '2018-06-04', '', 1, '0', '2018-06-04 03:30:49', NULL),
(734, 3, 18, '14:00:00', '18:00:00', '18:00:00', '2018-06-05', '', 1, '0', '2018-06-04 06:12:26', NULL),
(735, 1, 18, '13:00:00', '18:00:00', '18:00:00', '2018-06-05', '', 1, '0', '2018-06-04 06:12:51', NULL),
(736, 3, 18, '15:00:00', '18:00:00', '18:00:00', '2018-06-04', '', 1, '0', '2018-06-04 06:14:21', NULL),
(737, 3, 9, '15:00:00', '18:00:00', '18:00:00', '2018-06-04', '', 1, '0', '2018-06-04 07:02:07', NULL),
(738, 1, 13, '09:00:00', '10:15:00', '10:15:00', '2018-06-05', '', 1, '0', '2018-06-05 00:54:38', NULL),
(739, 3, 8, '08:00:00', '09:00:00', '09:00:00', '2018-06-05', '', 1, '0', '2018-06-05 00:55:45', NULL),
(740, 2, 8, '09:00:00', '10:00:00', '10:00:00', '2018-06-05', '', 1, '0', '2018-06-05 01:56:48', NULL),
(742, 3, 18, '10:00:00', '11:00:00', '11:00:00', '2018-06-07', '', 1, '0', '2018-06-06 07:36:57', NULL),
(743, 3, 18, '15:00:00', '17:30:00', '17:30:00', '2018-06-07', '', 1, '0', '2018-06-06 07:52:52', NULL),
(744, 3, 18, '10:30:00', '11:00:00', '11:00:00', '2018-06-11', '', 1, '0', '2018-06-07 01:01:59', NULL),
(745, 1, 18, '08:30:00', '10:30:00', '10:30:00', '2018-06-11', '', 1, '0', '2018-06-07 01:02:33', NULL),
(746, 3, 18, '08:15:00', '09:00:00', '09:00:00', '2018-06-07', '', 1, '0', '2018-06-07 01:13:53', NULL),
(748, 1, 9, '13:30:00', '15:30:00', '15:30:00', '2018-06-07', '', 1, '0', '2018-06-07 06:12:36', NULL),
(749, 3, 18, '09:00:00', '12:00:00', '12:00:00', '2018-06-08', '', 1, '0', '2018-06-08 01:07:28', NULL),
(750, 3, 18, '14:00:00', '15:00:00', '15:00:00', '2018-06-08', '', 1, '0', '2018-06-08 01:07:53', NULL),
(751, 2, 8, '13:30:00', '14:00:00', '14:00:00', '2018-06-08', '', 1, '0', '2018-06-08 04:16:47', NULL),
(752, 3, 9, '16:00:00', '17:00:00', '17:00:00', '2018-06-08', '', 1, '0', '2018-06-08 04:49:29', NULL),
(753, 3, 8, '09:15:00', '10:00:00', '10:00:00', '2018-06-11', '', 1, '0', '2018-06-11 02:02:24', NULL),
(754, 2, 6, '10:00:00', '11:00:00', '11:00:00', '2018-06-12', 'MTG', 1, '0', '2018-06-11 02:31:22', NULL),
(755, 3, 18, '14:00:00', '17:00:00', '17:00:00', '2018-06-11', '', 1, '0', '2018-06-11 06:31:44', NULL),
(757, 3, 18, '10:00:00', '11:00:00', '11:00:00', '2018-06-12', '', 1, '0', '2018-06-12 00:47:00', NULL),
(758, 2, 6, '10:00:00', '11:00:00', '11:00:00', '2018-06-13', 'MTG', 1, '0', '2018-06-12 04:21:29', NULL),
(759, 3, 18, '16:45:00', '18:00:00', '18:00:00', '2018-06-13', 'Anhさん', 1, '0', '2018-06-13 07:17:54', NULL),
(762, 3, 18, '09:00:00', '10:00:00', '10:00:00', '2018-06-15', '', 1, '0', '2018-06-14 07:44:52', NULL),
(763, 3, 18, '08:30:00', '11:00:00', '11:00:00', '2018-06-18', '', 1, '0', '2018-06-14 09:10:54', NULL),
(764, 3, 18, '13:30:00', '14:30:00', '14:30:00', '2018-06-18', '', 1, '0', '2018-06-14 09:25:38', NULL),
(766, 3, 18, '13:00:00', '13:30:00', '13:30:00', '2018-06-19', '', 1, '0', '2018-06-15 08:50:26', NULL),
(767, 3, 18, '16:00:00', '17:00:00', '17:00:00', '2018-06-15', '', 1, '0', '2018-06-15 08:50:38', NULL),
(768, 1, 8, '13:00:00', '18:00:00', '18:00:00', '2018-06-28', 'B production', 1, '0', '2018-06-18 03:20:35', NULL),
(769, 2, 8, '13:00:00', '18:00:00', '18:00:00', '2018-06-28', 'B prduction', 1, '0', '2018-06-18 04:02:13', NULL),
(771, 2, 6, '10:00:00', '11:00:00', '11:00:00', '2018-06-26', 'MTG', 1, '0', '2018-06-25 02:24:23', NULL),
(772, 3, 8, '14:00:00', '16:00:00', '16:00:00', '2018-06-26', 'Rakuten team MTG', 1, '0', '2018-06-25 04:29:04', NULL),
(773, 2, 7, '16:00:00', '17:30:00', '17:30:00', '2018-06-26', '', 1, '0', '2018-06-26 03:17:01', NULL),
(775, 3, 18, '10:00:00', '11:30:00', '11:30:00', '2018-06-29', '', 1, '0', '2018-06-29 00:47:16', NULL),
(776, 3, 18, '09:00:00', '09:30:00', '09:30:00', '2018-06-29', '', 1, '0', '2018-06-29 01:16:42', NULL),
(777, 1, 18, '15:00:00', '16:00:00', '16:00:00', '2018-06-29', '', 1, '0', '2018-06-29 06:21:41', NULL),
(783, 3, 18, '10:30:00', '11:30:00', '11:30:00', '2018-07-03', '', 1, '0', '2018-07-03 01:26:24', NULL),
(785, 3, 18, '08:30:00', '09:00:00', '09:00:00', '2018-07-04', '', 1, '0', '2018-07-04 00:47:08', NULL),
(786, 1, 18, '09:00:00', '10:00:00', '10:00:00', '2018-07-04', '', 1, '0', '2018-07-04 00:47:17', NULL),
(787, 1, 18, '14:00:00', '17:00:00', '17:00:00', '2018-07-04', '', 1, '0', '2018-07-04 00:54:32', NULL),
(788, 2, 18, '14:00:00', '17:00:00', '17:00:00', '2018-07-04', '', 1, '0', '2018-07-04 00:54:46', NULL),
(789, 3, 18, '15:00:00', '16:00:00', '16:00:00', '2018-07-04', '', 1, '0', '2018-07-04 07:15:00', NULL),
(790, 1, 18, '09:00:00', '10:00:00', '10:00:00', '2018-07-05', '', 1, '0', '2018-07-05 00:40:57', NULL),
(792, 3, 18, '13:00:00', '14:00:00', '14:00:00', '2018-07-06', '', 1, '0', '2018-07-05 11:10:53', NULL),
(793, 1, 18, '14:00:00', '15:00:00', '15:00:00', '2018-07-06', '', 1, '0', '2018-07-06 01:04:08', NULL),
(795, 3, 18, '10:00:00', '11:30:00', '11:30:00', '2018-07-09', 'Quyenさん勉強', 1, '0', '2018-07-06 08:12:11', NULL),
(796, 3, 18, '10:00:00', '11:30:00', '11:30:00', '2018-07-10', 'Quyenさん勉強', 1, '0', '2018-07-06 08:12:40', NULL),
(797, 3, 18, '13:00:00', '14:30:00', '14:30:00', '2018-07-11', '', 1, '0', '2018-07-09 00:57:53', NULL),
(798, 3, 18, '13:00:00', '14:30:00', '14:30:00', '2018-07-12', '', 1, '0', '2018-07-09 00:58:06', NULL),
(799, 3, 18, '13:00:00', '14:30:00', '14:30:00', '2018-07-13', '', 1, '0', '2018-07-09 00:58:20', NULL),
(800, 3, 18, '08:30:00', '10:00:00', '10:00:00', '2018-07-09', '', 1, '0', '2018-07-09 01:08:49', NULL),
(801, 3, 18, '08:30:00', '10:00:00', '10:00:00', '2018-07-09', '', 1, '0', '2018-07-09 01:08:49', NULL),
(802, 3, 18, '09:00:00', '10:00:00', '10:00:00', '2018-07-10', '', 1, '0', '2018-07-09 01:11:35', NULL),
(803, 3, 18, '15:00:00', '17:00:00', '17:00:00', '2018-07-09', '', 1, '0', '2018-07-09 01:20:42', NULL),
(804, 3, 18, '13:30:00', '14:30:00', '14:30:00', '2018-07-09', '', 1, '0', '2018-07-09 01:26:40', NULL),
(805, 2, 6, '10:00:00', '11:00:00', '11:00:00', '2018-07-10', 'MTG', 1, '0', '2018-07-09 02:48:41', NULL),
(806, 2, 6, '10:00:00', '11:00:00', '11:00:00', '2018-07-16', 'MTG', 1, '0', '2018-07-09 02:48:50', NULL),
(807, 2, 6, '10:00:00', '11:00:00', '11:00:00', '2018-07-23', 'MTG', 1, '0', '2018-07-09 02:49:07', NULL),
(808, 2, 6, '10:00:00', '11:00:00', '11:00:00', '2018-07-30', 'MTG', 1, '0', '2018-07-09 02:49:20', NULL),
(809, 3, 18, '09:00:00', '12:00:00', '12:00:00', '2018-07-11', '', 1, '0', '2018-07-11 00:51:54', NULL),
(810, 3, 18, '15:00:00', '16:00:00', '16:00:00', '2018-07-11', '', 1, '0', '2018-07-11 03:55:09', NULL),
(811, 3, 18, '09:00:00', '10:00:00', '10:00:00', '2018-07-12', '', 1, '0', '2018-07-11 16:20:38', NULL),
(812, 3, 18, '09:00:00', '10:00:00', '10:00:00', '2018-07-13', '', 1, '0', '2018-07-11 16:20:52', NULL),
(814, 3, 8, '16:00:00', '17:30:00', '17:30:00', '2018-07-12', 'Yanagida san - Dokidoki san MTG', 1, '0', '2018-07-12 08:45:25', NULL),
(815, 1, 18, '14:30:00', '16:00:00', '16:00:00', '2018-07-13', '', 1, '0', '2018-07-13 06:37:26', NULL),
(816, 3, 18, '16:00:00', '17:00:00', '17:00:00', '2018-07-17', '', 1, '0', '2018-07-14 02:00:35', NULL),
(817, 3, 18, '12:00:00', '14:00:00', '14:00:00', '2018-07-14', '', 1, '0', '2018-07-14 02:01:47', NULL),
(818, 3, 18, '08:00:00', '15:00:00', '15:00:00', '2018-07-17', '', 1, '0', '2018-07-17 00:46:13', NULL),
(819, 3, 9, '08:30:00', '10:00:00', '10:00:00', '2018-07-18', '', 1, '0', '2018-07-18 01:09:28', NULL),
(820, 3, 8, '08:00:00', '09:00:00', '09:00:00', '2018-07-24', 'Copywriter interview', 1, '0', '2018-07-18 03:49:15', NULL),
(821, 2, 7, '16:00:00', '17:30:00', '17:30:00', '2018-07-19', '', 1, '0', '2018-07-19 03:37:31', NULL),
(824, 3, 8, '09:00:00', '09:30:00', '09:30:00', '2018-07-24', 'jp staff interview', 1, '0', '2018-07-23 03:29:40', NULL),
(825, 3, 9, '14:00:00', '15:00:00', '15:00:00', '2018-07-23', '', 1, '0', '2018-07-23 05:48:03', NULL),
(826, 2, 6, '14:00:00', '15:00:00', '15:00:00', '2018-07-24', 'MTG', 1, '0', '2018-07-23 07:34:45', NULL),
(827, 1, 9, '13:00:00', '14:00:00', '14:00:00', '2018-07-24', '', 1, '0', '2018-07-24 02:39:36', NULL),
(828, 1, 9, '12:00:00', '13:00:00', '13:00:00', '2018-07-24', '', 1, '0', '2018-07-24 04:23:59', NULL),
(830, 3, 8, '14:00:00', '15:00:00', '15:00:00', '2018-07-24', 'Yanagida san interview', 1, '0', '2018-07-24 06:15:06', NULL),
(831, 3, 8, '16:00:00', '17:00:00', '17:00:00', '2018-07-24', 'Dokidoki MTG', 1, '0', '2018-07-24 08:32:23', NULL),
(833, 3, 8, '09:00:00', '12:00:00', '12:00:00', '2018-07-27', 'Reclick　MTG', 1, '0', '2018-07-25 04:15:56', NULL),
(834, 3, 8, '15:00:00', '16:00:00', '16:00:00', '2018-07-27', 'Nghia面談', 1, '0', '2018-07-26 07:34:32', NULL),
(835, 3, 18, '16:00:00', '17:00:00', '17:00:00', '2018-07-26', '', 1, '0', '2018-07-26 08:52:07', NULL),
(836, 1, 18, '15:00:00', '15:30:00', '15:30:00', '2018-07-27', '', 1, '0', '2018-07-26 11:11:18', NULL),
(837, 3, 18, '14:00:00', '14:30:00', '14:30:00', '2018-07-27', '', 1, '0', '2018-07-27 06:37:10', NULL),
(839, 3, 18, '10:30:00', '12:00:00', '12:00:00', '2018-07-30', '', 1, '0', '2018-07-30 03:02:15', NULL),
(840, 1, 18, '15:00:00', '16:00:00', '16:00:00', '2018-08-03', '', 1, '0', '2018-07-30 10:08:26', NULL),
(841, 3, 18, '10:00:00', '11:00:00', '11:00:00', '2018-07-31', '', 1, '0', '2018-07-31 00:58:41', NULL),
(843, 3, 18, '08:30:00', '12:00:00', '12:00:00', '2018-08-01', '', 1, '0', '2018-08-01 01:20:50', NULL),
(844, 3, 8, '15:00:00', '16:30:00', '16:30:00', '2018-08-01', '', 1, '0', '2018-08-01 03:35:18', NULL),
(845, 2, 6, '08:00:00', '09:00:00', '09:00:00', '2018-08-02', 'MTG', 1, '0', '2018-08-01 04:45:26', NULL),
(847, 3, 18, '10:00:00', '11:00:00', '11:00:00', '2018-08-08', '', 1, '0', '2018-08-02 00:42:08', NULL),
(848, 1, 18, '13:00:00', '16:00:00', '16:00:00', '2018-08-07', '', 1, '0', '2018-08-02 07:10:18', NULL),
(849, 3, 18, '15:00:00', '16:00:00', '16:00:00', '2018-08-02', '', 1, '0', '2018-08-02 07:32:57', NULL),
(850, 1, 18, '13:00:00', '15:00:00', '15:00:00', '2018-08-03', '', 1, '0', '2018-08-02 12:02:31', NULL),
(852, 3, 4, '15:30:00', '16:30:00', '16:30:00', '2018-08-03', 'Phong van 2 coder', 1, '0', '2018-08-03 07:51:08', NULL),
(853, 2, 6, '10:00:00', '11:45:00', '11:45:00', '2018-08-06', 'MTG', 1, '0', '2018-08-06 00:36:33', NULL),
(854, 2, 6, '10:00:00', '11:00:00', '11:00:00', '2018-08-13', 'MTG', 1, '0', '2018-08-06 00:36:41', NULL),
(855, 2, 6, '10:00:00', '11:00:00', '11:00:00', '2018-08-20', 'MTG', 1, '0', '2018-08-06 00:36:54', NULL),
(856, 2, 6, '10:00:00', '11:00:00', '11:00:00', '2018-08-27', 'MTG', 1, '0', '2018-08-06 00:37:29', NULL),
(860, 3, 18, '10:00:00', '11:00:00', '11:00:00', '2018-08-07', '', 1, '0', '2018-08-07 00:43:31', NULL);
INSERT INTO `bookeds` (`bookedID`, `roomID`, `userID`, `bookedTimeStart`, `bookedTimeEnd`, `bookedTimeCompleted`, `bookedDate`, `bookedComment`, `bookedActive`, `bookedStatus`, `created`, `isActive`) VALUES
(861, 3, 18, '11:00:00', '11:30:00', '11:30:00', '2018-08-07', '', 1, '0', '2018-08-07 02:28:08', NULL),
(862, 3, 18, '15:00:00', '17:00:00', '17:00:00', '2018-08-08', '', 1, '0', '2018-08-08 07:52:47', NULL),
(864, 3, 18, '16:00:00', '17:00:00', '17:00:00', '2018-08-09', '', 1, '0', '2018-08-09 01:47:35', NULL),
(866, 3, 18, '10:00:00', '11:00:00', '11:00:00', '2018-08-10', '', 1, '0', '2018-08-10 02:21:04', NULL),
(867, 3, 18, '15:00:00', '16:00:00', '16:00:00', '2018-08-10', '', 1, '0', '2018-08-10 02:21:21', NULL),
(868, 3, 18, '14:00:00', '14:30:00', '14:30:00', '2018-08-10', '', 1, '0', '2018-08-10 02:57:20', NULL),
(869, 3, 18, '16:30:00', '17:00:00', '17:00:00', '2018-08-10', '', 1, '0', '2018-08-10 02:59:11', NULL),
(870, 3, 5, '11:00:00', '11:45:00', '11:45:00', '2018-08-13', '', 1, '0', '2018-08-13 02:11:57', NULL),
(871, 3, 18, '10:00:00', '11:00:00', '11:00:00', '2018-08-14', '', 1, '0', '2018-08-14 00:58:43', NULL),
(872, 3, 18, '16:30:00', '17:30:00', '17:30:00', '2018-08-15', '', 1, '0', '2018-08-14 01:20:48', NULL),
(873, 3, 5, '14:00:00', '14:30:00', '14:30:00', '2018-08-14', '', 1, '0', '2018-08-14 06:24:07', NULL),
(874, 3, 18, '14:30:00', '15:30:00', '15:30:00', '2018-08-14', '', 1, '0', '2018-08-14 06:55:26', NULL),
(875, 3, 18, '08:30:00', '09:30:00', '09:30:00', '2018-08-15', '', 1, '0', '2018-08-15 00:59:34', NULL),
(876, 3, 18, '10:00:00', '11:00:00', '11:00:00', '2018-08-15', '', 1, '0', '2018-08-15 01:25:32', NULL),
(877, 3, 5, '11:00:00', '12:00:00', '12:00:00', '2018-08-15', '', 1, '0', '2018-08-15 02:42:28', NULL),
(878, 3, 18, '12:00:00', '13:00:00', '13:00:00', '2018-08-15', '', 1, '0', '2018-08-15 04:04:53', NULL),
(881, 3, 5, '15:30:00', '16:30:00', '16:30:00', '2018-08-15', '', 1, '0', '2018-08-15 07:09:05', NULL),
(882, 3, 18, '14:30:00', '15:00:00', '15:00:00', '2018-08-15', '', 1, '0', '2018-08-15 07:28:12', NULL),
(883, 3, 18, '09:00:00', '11:45:00', '11:45:00', '2018-08-16', '', 1, '0', '2018-08-15 09:32:48', NULL),
(884, 3, 18, '14:00:00', '14:30:00', '14:30:00', '2018-08-16', '', 1, '0', '2018-08-16 02:35:28', NULL),
(886, 3, 18, '13:00:00', '16:00:00', '16:00:00', '2018-08-20', '', 1, '0', '2018-08-20 03:53:09', NULL),
(888, 3, 18, '16:00:00', '17:00:00', '17:00:00', '2018-08-20', '', 1, '0', '2018-08-20 04:06:59', NULL),
(889, 3, 8, '09:00:00', '11:00:00', '11:00:00', '2018-08-21', 'Dokidoki Team MTG', 1, '0', '2018-08-20 06:48:12', NULL),
(890, 3, 18, '10:00:00', '11:00:00', '11:00:00', '2018-08-21', '', 1, '0', '2018-08-21 01:08:45', NULL),
(891, 3, 18, '13:00:00', '15:00:00', '15:00:00', '2018-08-23', '', 1, '0', '2018-08-21 02:52:25', NULL),
(892, 3, 8, '15:00:00', '15:30:00', '15:30:00', '2018-08-21', '', 1, '0', '2018-08-21 07:59:06', NULL),
(893, 3, 18, '16:30:00', '19:00:00', '19:00:00', '2018-08-22', '', 1, '0', '2018-08-22 01:30:08', NULL),
(894, 3, 18, '15:00:00', '16:00:00', '16:00:00', '2018-08-22', '', 1, '0', '2018-08-22 06:38:02', NULL),
(897, 1, 9, '14:30:00', '15:30:00', '15:30:00', '2018-08-23', '', 1, '0', '2018-08-23 02:47:22', NULL),
(898, 1, 4, '10:30:00', '12:00:00', '12:00:00', '2018-08-23', '', 1, '0', '2018-08-23 02:57:05', NULL),
(899, 3, 9, '15:00:00', '16:00:00', '16:00:00', '2018-08-23', '', 1, '0', '2018-08-23 07:16:14', NULL),
(900, 3, 9, '11:00:00', '12:00:00', '12:00:00', '2018-08-24', '', 1, '0', '2018-08-23 07:20:28', NULL),
(901, 3, 18, '16:30:00', '18:00:00', '18:00:00', '2018-08-23', '', 1, '0', '2018-08-23 07:24:45', NULL),
(902, 3, 18, '16:30:00', '18:00:00', '18:00:00', '2018-08-23', '', 1, '0', '2018-08-23 07:24:46', NULL),
(932, 1, 3, '14:00:00', '15:00:00', '15:00:00', '2020-09-17', NULL, 1, '0', '2020-09-17 09:14:18', NULL),
(933, 2, 3, '09:00:00', '10:00:00', '10:00:00', '2020-09-17', NULL, 1, '0', '2020-09-17 09:16:52', NULL),
(934, 2, 3, '06:00:00', '09:00:00', '09:00:00', '2020-09-17', NULL, 1, '0', '2020-09-17 09:26:27', NULL),
(936, 2, 3, '14:00:00', '15:00:00', '15:00:00', '2020-09-17', NULL, 1, '0', '2020-09-17 09:27:06', NULL),
(937, 1, 3, '06:00:00', '11:00:00', '11:00:00', '2020-09-17', NULL, 1, '0', '2020-09-17 09:29:37', NULL),
(938, 3, 3, '07:00:00', '08:00:00', '08:00:00', '2020-09-17', '', 1, '0', '2020-09-17 09:50:05', NULL),
(939, 3, 3, '08:00:00', '11:00:00', '11:00:00', '2020-09-17', 'test comment', 1, '0', '2020-09-17 09:51:55', NULL),
(940, 1, 3, '08:00:00', '08:30:00', '08:30:00', '2020-09-18', 'test comment', 1, '0', '2020-09-18 07:29:15', NULL),
(941, 1, 3, '08:30:00', '15:00:00', '15:00:00', '2020-09-18', '', 1, '0', '2020-09-18 09:43:00', NULL),
(943, 1, 3, '10:00:00', '11:00:00', '11:00:00', '2021-01-06', '', 1, '0', '2021-01-05 07:27:37', NULL),
(944, 1, 1, '12:00:00', '13:00:00', '13:00:00', '2021-01-06', '', 1, '0', '2021-01-05 07:29:54', NULL),
(945, 1, 3, '06:30:00', '10:00:00', '10:00:00', '2021-04-02', '', 1, '0', '2021-04-01 07:34:36', NULL),
(946, 1, 3, '14:00:00', '16:00:00', '16:00:00', '2021-04-02', 'Test', 1, '0', '2021-04-01 08:31:34', NULL),
(947, 1, 3, '08:00:00', '10:00:00', '10:00:00', '2021-05-20', '', 1, '0', '2021-05-19 02:13:04', NULL),
(948, 1, 3, '10:00:00', '10:30:00', '10:30:00', '2021-05-20', 'test booking', 1, '0', '2021-05-19 02:14:51', NULL),
(949, 1, 3, '14:00:00', '15:00:00', '15:00:00', '2024-06-21', '1`23213', 1, '0', '2024-06-21 03:50:24', NULL),
(950, 1, 4, '06:00:00', '09:00:00', '09:00:00', '2024-06-22', '', 1, '0', '2024-06-21 07:28:30', NULL),
(951, 1, 3, '08:30:00', '09:00:00', '09:00:00', '2024-06-24', '', 1, '0', '2024-06-24 09:49:46', NULL),
(952, 1, 3, '08:30:00', '09:00:00', '09:00:00', '2024-06-24', '', 1, '0', '2024-06-24 09:49:49', NULL),
(953, 1, 3, '08:30:00', '09:20:00', '09:00:00', '2024-06-24', '', 1, '0', '2024-06-24 09:49:58', NULL),
(954, 1, 3, '08:30:00', '09:30:00', '09:00:00', '2024-06-24', '', 1, '0', '2024-06-24 09:50:02', NULL),
(955, 1, 2, '08:30:00', '09:30:00', '09:00:00', '2024-06-24', '', 1, '0', '2024-06-24 09:50:10', NULL),
(962, 1, 1, '11:00:00', '12:59:00', '12:59:00', '2024-06-27', 'hello', 1, '0', '2024-06-27 04:53:37', NULL),
(963, 1, 1, '11:00:00', '12:59:00', '00:00:00', '2024-06-27', 'hello', 1, '0', '2024-06-27 04:53:52', NULL),
(964, 1, 1, '06:00:00', '07:59:00', '07:59:00', '2024-06-27', '', 1, '0', '2024-06-27 07:16:22', NULL),
(965, 2, 1, '12:00:00', '13:59:00', '13:59:00', '2024-06-27', '', 1, '0', '2024-06-27 07:29:09', NULL),
(966, 1, 1, '14:00:00', '15:30:00', '15:30:00', '2024-06-27', 'Test admin', 1, '0', '2024-06-27 07:33:32', NULL),
(967, 2, 1, '14:00:00', '15:59:00', '15:59:00', '2024-06-27', 'Helloo2', 1, '0', '2024-06-27 08:29:42', NULL),
(968, 3, 1, '15:00:00', '16:59:00', '16:59:00', '2024-06-27', '222222222222', 1, '0', '2024-06-27 08:30:58', NULL),
(969, 2, 1, '19:00:00', '20:59:00', '20:59:00', '2024-06-27', 'd', 1, '0', '2024-06-27 08:33:44', NULL),
(970, 1, 1, '18:00:00', '19:59:00', '19:59:00', '2024-06-20', '111111111111', 1, '0', '2024-06-27 08:34:54', NULL),
(971, 1, 1, '18:00:00', '19:59:00', '19:59:00', '2024-06-20', '111111111111', 1, '0', '2024-06-27 08:34:58', NULL),
(972, 1, 1, '18:00:00', '19:59:00', '19:59:00', '2024-06-20', '111111111111', 1, '0', '2024-06-27 08:34:59', NULL),
(973, 1, 1, '18:00:00', '19:59:00', '19:59:00', '2024-06-20', '111111111111', 1, '0', '2024-06-27 08:35:00', NULL),
(974, 1, 1, '18:00:00', '19:59:00', '19:59:00', '2024-06-20', '111111111111', 1, '0', '2024-06-27 08:35:01', NULL),
(975, 1, 1, '18:00:00', '19:59:00', '19:59:00', '2024-06-20', '111111111111', 1, '0', '2024-06-27 08:35:01', NULL),
(976, 1, 1, '18:00:00', '19:59:00', '19:59:00', '2024-06-20', '111111111111', 1, '0', '2024-06-27 08:35:02', NULL),
(977, 1, 1, '18:00:00', '19:59:00', '19:59:00', '2024-06-20', '111111111111', 1, '0', '2024-06-27 08:35:02', NULL),
(978, 1, 1, '18:00:00', '19:59:00', '19:59:00', '2024-06-20', '111111111111', 1, '0', '2024-06-27 08:35:02', NULL),
(979, 1, 1, '18:00:00', '19:59:00', '19:59:00', '2024-06-20', '111111111111', 1, '0', '2024-06-27 08:35:02', NULL),
(980, 4, 1, '11:20:00', '12:55:00', '12:55:00', '2024-06-28', '', 1, '0', '2024-06-28 03:18:58', NULL),
(981, 4, 1, '11:20:00', '12:55:00', '12:55:00', '2024-06-28', '', 1, '0', '2024-06-28 03:19:00', NULL),
(982, 4, 1, '11:20:00', '12:55:00', '12:55:00', '2024-06-28', '', 1, '0', '2024-06-28 03:19:01', NULL),
(983, 4, 1, '11:20:00', '12:55:00', '12:55:00', '2024-06-28', '', 1, '0', '2024-06-28 03:19:02', NULL),
(984, 3, 1, '12:25:00', '12:55:00', '12:55:00', '2024-06-28', '', 1, '0', '2024-06-28 03:22:47', NULL),
(985, 3, 1, '12:25:00', '12:55:00', '12:55:00', '2024-06-28', '', 1, '0', '2024-06-28 03:22:48', NULL),
(986, 3, 1, '12:25:00', '12:55:00', '12:55:00', '2024-06-28', '', 1, '0', '2024-06-28 03:24:32', NULL),
(987, 3, 1, '00:00:00', '00:00:00', '00:00:00', '0000-00-00', 'sdsd', 1, '0', '2024-06-28 03:24:33', NULL),
(988, 3, 1, '00:00:00', '00:00:00', '00:00:00', '0000-00-00', 'sdsd', 1, '0', '2024-06-28 03:24:34', NULL),
(989, 3, 1, '00:00:00', '00:00:00', '00:00:00', '0000-00-00', 'sdsd', 1, '0', '2024-06-28 03:24:35', NULL),
(990, 3, 1, '11:25:00', '18:55:00', '18:55:00', '2024-06-28', '', 1, '0', '2024-06-28 03:25:00', NULL),
(991, 3, 1, '00:00:00', '00:00:00', '00:00:00', '0000-00-00', 'ddd', 1, '0', '2024-06-28 03:25:03', NULL),
(992, 3, 1, '00:00:00', '00:00:00', '00:00:00', '0000-00-00', 'ddd', 1, '0', '2024-06-28 03:25:04', NULL),
(993, 1, 1, '12:00:00', '13:55:00', '13:55:00', '2024-06-28', '', 1, '0', '2024-06-28 03:25:37', NULL),
(994, 2, 1, '11:30:00', '12:55:00', '12:55:00', '2024-06-28', '', 1, '0', '2024-06-28 03:27:07', NULL),
(995, 2, 1, '00:00:00', '00:00:00', '00:00:00', '0000-00-00', '34534534', 1, '0', '2024-06-28 03:27:22', NULL),
(996, 2, 1, '00:00:00', '00:00:00', '00:00:00', '0000-00-00', '34534534', 1, '0', '2024-06-28 03:27:24', NULL),
(997, 2, 1, '00:00:00', '00:00:00', '00:00:00', '0000-00-00', '34534534', 1, '0', '2024-06-28 03:27:25', NULL),
(998, 2, 1, '00:00:00', '00:00:00', '00:00:00', '0000-00-00', '34534534', 1, '0', '2024-06-28 03:27:26', NULL),
(999, 1, 1, '11:35:00', '12:55:00', '12:55:00', '2024-06-28', '', 1, '0', '2024-06-28 03:31:19', NULL),
(1000, 1, 1, '11:35:00', '12:55:00', '12:55:00', '2024-06-28', '234234', 1, '0', '2024-06-28 03:31:22', NULL),
(1001, 1, 1, '12:35:00', '13:55:00', '13:55:00', '2024-06-28', '', 1, '0', '2024-06-28 03:32:43', NULL),
(1002, 4, 1, '13:35:00', '14:55:00', '14:55:00', '2024-06-28', '', 1, '0', '2024-06-28 03:33:33', NULL),
(1003, 1, 1, '12:35:00', '13:55:00', '13:55:00', '2024-06-28', 'sdsdsdsdsd', 1, '0', '2024-06-28 03:34:12', NULL),
(1004, 1, 1, '12:35:00', '13:55:00', '13:55:00', '2024-06-28', '', 1, '0', '2024-06-28 03:35:07', NULL),
(1005, 3, 1, '14:40:00', '15:55:00', '15:55:00', '2024-06-28', '', 1, '0', '2024-06-28 03:36:38', NULL),
(1006, 4, 1, '16:40:00', '17:55:00', '17:55:00', '2024-06-28', '', 1, '0', '2024-06-28 03:37:28', NULL),
(1007, 2, 1, '19:55:00', '20:40:00', '20:40:00', '2024-06-28', '45454545', 1, '0', '2024-06-28 03:39:18', NULL),
(1011, 2, 1, '13:45:00', '14:55:00', '14:55:00', '2024-06-28', '234234', 1, '0', '2024-06-28 03:42:42', NULL),
(1012, 4, 1, '14:45:00', '15:55:00', '15:55:00', '2024-06-28', '', 1, '0', '2024-06-28 03:44:02', NULL),
(1013, 2, 1, '21:00:00', '22:55:00', '22:55:00', '2024-06-29', '', 1, '0', '2024-06-28 03:44:29', NULL),
(1014, 3, 1, '15:50:00', '16:55:00', '16:55:00', '2024-06-28', '', 1, '0', '2024-06-28 03:47:27', NULL),
(1015, 2, 1, '16:55:00', '17:55:00', '17:55:00', '2024-06-28', '', 1, '0', '2024-06-28 05:56:14', NULL),
(1016, 2, 1, '07:00:00', '08:55:00', '08:55:00', '2024-06-29', '', 1, '0', '2024-06-28 05:57:27', NULL),
(1017, 2, 1, '09:00:00', '12:59:00', '12:59:00', '2024-06-29', '', 1, '0', '2024-06-28 05:58:08', NULL),
(1018, 2, 1, '13:00:00', '14:55:00', '14:55:00', '2024-06-29', '', 1, '0', '2024-06-28 05:58:55', NULL),
(1019, 2, 1, '16:00:00', '18:00:00', '18:00:00', '2024-06-29', 'Hello', 1, '0', '2024-06-28 05:59:27', NULL),
(1020, 2, 1, '19:00:00', '20:55:00', '20:55:00', '2024-06-29', 'Hello', 1, '0', '2024-06-28 05:59:50', NULL),
(1021, 1, 1, '07:00:00', '16:55:00', '16:55:00', '2024-06-30', '', 1, '0', '2024-06-28 06:47:34', NULL),
(1022, 3, 1, '12:00:00', '14:55:00', '14:55:00', '2024-06-30', '', 1, '0', '2024-06-28 06:52:11', NULL),
(1023, 2, 1, '07:00:00', '08:55:00', '08:55:00', '2024-07-02', '', 1, '0', '2024-07-01 07:12:37', NULL),
(1024, 1, 1, '10:00:00', '11:55:00', '11:55:00', '2024-07-02', 'Lựu', 1, '0', '2024-07-01 07:19:17', NULL),
(1027, 2, 3, '07:00:00', '09:55:00', '09:55:00', '2024-07-04', 'Hello', 1, '0', '2024-07-01 11:36:30', NULL),
(1028, 1, 1, '11:00:00', '12:59:00', '12:59:00', '2024-06-27', 'hello', 1, '0', '2024-07-02 01:14:13', NULL),
(1036, 27, 4, '19:00:00', '20:55:00', '20:55:00', '2024-07-02', '', 1, '0', '2024-07-02 04:40:05', NULL),
(1037, 27, 4, '10:00:00', '10:30:00', '10:30:00', '2024-07-02', 'as', 1, '0', '2024-07-02 04:40:43', NULL),
(1038, 25, 3, '18:00:00', '19:55:00', '19:55:00', '2024-07-02', 'ddd', 1, '0', '2024-07-02 07:08:32', NULL);

-- --------------------------------------------------------

--
-- Cấu trúc bảng cho bảng `rooms`
--

CREATE TABLE `rooms` (
  `roomID` int(11) NOT NULL,
  `roomName` varchar(255) NOT NULL,
  `roomSeat` int(11) DEFAULT NULL,
  `roomOption` varchar(2000) DEFAULT NULL,
  `created` timestamp NOT NULL DEFAULT current_timestamp(),
  `isActive` tinyint(1) DEFAULT NULL
) ENGINE=InnoDB DEFAULT CHARSET=utf8;

--
-- Đang đổ dữ liệu cho bảng `rooms`
--

INSERT INTO `rooms` (`roomID`, `roomName`, `roomSeat`, `roomOption`, `created`, `isActive`) VALUES
(1, '21 Vip', 6, 'Nan', '2017-04-10 07:52:34', 1),
(2, '16 C2222222', 12, 'Nan', '2017-04-10 10:24:05', 1),
(3, 'DSP 1 Center', 8, '', '2017-08-02 04:07:05', 1),
(4, '231312323', 12, 'Nan', '2024-06-19 04:41:52', 1),
(5, 'dsadsad', 12, 'Nan', '2024-06-19 04:48:42', 1),
(6, 'dsadsad', 12, '', '2024-06-19 04:48:45', 1),
(7, 'dsadsad', 12, '', '2024-06-19 04:48:48', 1),
(8, 'dsadsad', 12, '', '2024-06-19 04:48:51', 1),
(9, 'dsadsad', 12, '', '2024-06-19 04:57:37', 1),
(10, 'dsadsad', 12, '', '2024-06-19 04:57:58', 1),
(11, 'dsadsad', 12, '', '2024-06-19 05:03:29', 1),
(12, 'HDD2333', 1, '', '2024-06-21 01:49:13', 1),
(13, 'HDD111', 2, '', '2024-06-21 01:49:52', 1),
(14, 'HDD6666', 12, '', '2024-06-21 01:50:04', 1),
(15, 'HDD2333', 2, '', '2024-06-21 01:52:12', 1),
(16, '21 Vip2', 6, '', '2024-06-21 01:55:39', 1),
(17, 'HDD', 2, '', '2024-06-21 03:17:54', 1),
(18, 'HDDHDDHDD', 12, '', '2024-06-21 03:39:29', 1),
(19, 'trang1', 1, '', '2024-06-21 04:57:47', 1),
(20, 'Hoang222', 12, 'Nan', '2024-06-21 10:10:04', 1),
(21, 'HDD224444', 12, 'Nan', '2024-07-01 07:32:06', 1),
(22, 'Trang2', 12, 'Nan', '2024-07-01 11:37:56', 1),
(23, 'HDD2', 1, '', '2024-07-02 02:42:15', 1),
(24, 'HDD53', 2, 'Nan', '2024-07-02 02:44:12', 1),
(25, 'HDD1', 2, '', '2024-07-02 02:45:05', 1),
(26, 'HDD224121112224', 2, 'Nan', '2024-07-02 02:45:23', 1),
(27, 'duocifv36', 3, 'Nan', '2024-07-02 03:40:07', 1);

-- --------------------------------------------------------

--
-- Cấu trúc bảng cho bảng `users`
--

CREATE TABLE `users` (
  `userID` int(11) NOT NULL,
  `userName` varchar(255) NOT NULL,
  `userEmail` varchar(255) DEFAULT NULL,
  `userDep` varchar(255) DEFAULT NULL,
  `created` timestamp NOT NULL DEFAULT current_timestamp(),
  `isActive` tinyint(1) DEFAULT 1
) ENGINE=InnoDB DEFAULT CHARSET=utf8;

--
-- Đang đổ dữ liệu cho bảng `users`
--

INSERT INTO `users` (`userID`, `userName`, `userEmail`, `userDep`, `created`, `isActive`) VALUES
(1, 'Vinh (BD)223', 'vinh-st@if-vietnam.com', 'BD', '2017-04-10 07:36:24', 1),
(2, 'Thúy (BD) 2', 'thuy-ls@if-vietnam.com', 'BD', '2017-04-10 08:06:12', 1),
(3, 'Thảo (BD)', 'thao-nv@dgw.asia', 'BD', '2017-04-10 08:34:21', 1),
(4, 'Hồng Lựu (BD)', 'luu-nth@if-vietnam.com', 'BD', '2017-04-10 09:57:35', 1),
(5, 'Thế Anh (IFC)', 'anh-pt@if-vietnam.com', 'IFC', '2017-04-11 01:29:21', 1),
(6, 'Đức Trung (Softcom)', 'trung-td@if-vietnam.com', 'SoftCom', '2017-04-11 01:31:08', 1),
(7, 'Phúc (Accounting)', 'phuc-ntt@if-vietnam.com', 'Accountting', '2017-04-11 01:31:08', 1),
(8, 'Vân (BD)', 'van-vtc@if-vietnam.com', 'BD', '2017-04-11 01:31:08', 1),
(9, 'Yanagida-san', 'yanagida@if-vietnam.com', 'Director', '2017-04-14 08:58:38', 1),
(12, 'Long (Birdie)', 'tranduclong@lab.birdiemobile.co.jp', 'Birdie', '2017-05-31 07:29:45', 1),
(13, 'Quang (Pivot)', 'quang-nv@pivot.jp', 'Pivot', '2017-05-31 07:29:45', 1),
(17, 'Dương (BPO)', 'duong-lt@if-vietnam.com', 'BPO', '2017-07-31 06:22:46', 1),
(18, 'Taguchi-san', 'taguchi@if-vietnam.com', 'BD', '2017-12-04 08:17:34', 1),
(19, 'Nakamura-san', 'n_nakamura@dokidoki-gw.com', 'Dokidoki', '2018-06-05 07:45:38', 1),
(20, 'duoc', '12@gmail.com', '', '2024-06-21 01:34:27', 1),
(21, 'HDD', 'vitconxauxidn01@gmail.com', 'Hotespa', '2024-06-21 01:42:01', 1),
(22, 'HDD22266666', 'vitconxauxidn01@gmail.com', 'Hotespa', '2024-06-21 01:42:59', 1),
(23, 'DUOC444', 'duocifv@gmail.com', 'Hotespa', '2024-06-21 03:07:15', 1),
(24, 'HDDhhhhhhhhhhhhh', 'vitconxauxidn01@gmail.com', 'ds', '2024-06-21 03:18:01', 1),
(25, 'HDD2', 'vitconxauxidn01@gmail.com', 'vd', '2024-06-21 03:39:04', 1),
(26, 'trangnv', 'trangnv@gmail.com', 'bd', '2024-06-21 05:00:09', 1),
(27, 'Hoang', 'hoang@gmail.com', 'BD', '2024-06-21 10:12:33', 1),
(28, 'hahaha', '12@gmail.com', '1bv', '2024-07-01 07:36:28', 1),
(29, 'duoc12221', '212@gmail.com', 'BD', '2024-07-01 11:37:31', 1),
(30, 'HDD4512', 'vitconxauxidn01@gmail.com', '1', '2024-07-02 02:44:19', 1),
(31, 'duocifv122411111222', '21312@gmail.com', '12', '2024-07-02 02:45:18', 1),
(32, 'HDD4', 'vitconxauxidn01@gmail.com', '1', '2024-07-02 03:39:58', 1);

--
-- Bẫy `users`
--
DELIMITER $$
CREATE TRIGGER `deleteBooked` BEFORE DELETE ON `users` FOR EACH ROW DELETE FROM bookeds WHERE bookeds.userID = OLD.userID
$$
DELIMITER ;

--
-- Chỉ mục cho các bảng đã đổ
--

--
-- Chỉ mục cho bảng `bookeds`
--
ALTER TABLE `bookeds`
  ADD PRIMARY KEY (`bookedID`),
  ADD KEY `roomID` (`roomID`),
  ADD KEY `userID` (`userID`);

--
-- Chỉ mục cho bảng `rooms`
--
ALTER TABLE `rooms`
  ADD PRIMARY KEY (`roomID`);

--
-- Chỉ mục cho bảng `users`
--
ALTER TABLE `users`
  ADD PRIMARY KEY (`userID`);

--
-- AUTO_INCREMENT cho các bảng đã đổ
--

--
-- AUTO_INCREMENT cho bảng `bookeds`
--
ALTER TABLE `bookeds`
  MODIFY `bookedID` int(11) NOT NULL AUTO_INCREMENT, AUTO_INCREMENT=1039;

--
-- AUTO_INCREMENT cho bảng `rooms`
--
ALTER TABLE `rooms`
  MODIFY `roomID` int(11) NOT NULL AUTO_INCREMENT, AUTO_INCREMENT=28;

--
-- AUTO_INCREMENT cho bảng `users`
--
ALTER TABLE `users`
  MODIFY `userID` int(11) NOT NULL AUTO_INCREMENT, AUTO_INCREMENT=33;

--
-- Các ràng buộc cho các bảng đã đổ
--

--
-- Các ràng buộc cho bảng `bookeds`
--
ALTER TABLE `bookeds`
  ADD CONSTRAINT `bookeds_ibfk_1` FOREIGN KEY (`roomID`) REFERENCES `rooms` (`roomID`),
  ADD CONSTRAINT `bookeds_ibfk_2` FOREIGN KEY (`userID`) REFERENCES `users` (`userID`);
COMMIT;

/*!40101 SET CHARACTER_SET_CLIENT=@OLD_CHARACTER_SET_CLIENT */;
/*!40101 SET CHARACTER_SET_RESULTS=@OLD_CHARACTER_SET_RESULTS */;
/*!40101 SET COLLATION_CONNECTION=@OLD_COLLATION_CONNECTION */;
